상품명,3차 카테고리,식품유형,용도,가격,평점,리뷰 수,중량 수치,묶음수량,총중량,10g당 가격,상품ID,상품URL,basename,카테고리,세부형태,주재료/맛,조리유형,섭취용도,포장방식,고객평가,is_mixed_bundle,has_gift,is_valid_for_conjoint
동원참치 살코기 라이트스탠다드 85g x 20캔,참치/연어통조림,통조림,반찬/주재료,31900,5.0,2304,85,20,1700,187.65,1080733,https://www.dongwonmall.com/product/detail.do?productId=001080733,동원참치 살코기 라이트스탠다드,참치/통조림,플레이크형,확인필요,즉석,반찬,캔,,False,False,True
동원참치 살코기 라이트스탠다드 250g x 10캔,참치/연어통조림,통조림,반찬/주재료,31490,4.9,984,250,10,2500,125.96,206843,https://www.dongwonmall.com/product/detail.do?productId=000206843,동원참치 살코기 라이트스탠다드,참치/통조림,플레이크형,확인필요,즉석,반찬,캔,,False,False,True
동원참치 살코기 라이트스탠다드 85g x 10캔,참치/연어통조림,통조림,반찬/주재료,16600,4.9,905,85,10,850,195.29,624402,https://www.dongwonmall.com/product/detail.do?productId=000624402,동원참치 살코기 라이트스탠다드,참치/통조림,플레이크형,확인필요,즉석,반찬,캔,,False,False,True
동원참치 살코기 라이트스탠다드 150g x 20캔,참치/연어통조림,통조림,반찬/주재료,50000,4.9,899,150,20,3000,166.67,1217310,https://www.dongwonmall.com/product/detail.do?productId=001217310,동원참치 살코기 라이트스탠다드,참치/통조림,플레이크형,확인필요,즉석,반찬,캔,,False,False,True
동원참치 살코기 라이트스탠다드 150g x 5캔,참치/연어통조림,통조림,반찬/주재료,12300,4.9,845,150,5,750,164.0,2619,https://www.dongwonmall.com/product/detail.do?productId=000002619,동원참치 살코기 라이트스탠다드,참치/통조림,플레이크형,확인필요,즉석,반찬,캔,,False,False,True
동원 리챔 200g x 10캔,햄/닭가슴살,통조림,반찬/주재료,27900,5.0,837,200,10,2000,139.5,1219667,https://www.dongwonmall.com/product/detail.do?productId=001219667,동원 리챔,햄/통조림,블록형,확인필요,조리 필요,반찬,캔,,False,False,True
동원참치 살코기 라이트스탠다드 100g x 10캔,참치/연어통조림,통조림,반찬/주재료,18950,5.0,816,100,10,1000,189.5,64505,https://www.dongwonmall.com/product/detail.do?productId=000064505,동원참치 살코기 라이트스탠다드,참치/통조림,플레이크형,확인필요,즉석,반찬,캔,,False,False,True
동원참치 마일드참치 200g x 10캔,참치/연어통조림,통조림,반찬/주재료,26490,4.9,791,200,10,2000,132.45,277623,https://www.dongwonmall.com/product/detail.do?productId=000277623,동원참치 마일드참치,참치/통조림,플레이크형,마일드,즉석,반찬,캔,,False,False,True
동원참치 고추참치 85g x 20캔,참치/연어통조림,통조림,반찬/주재료,31900,5.0,741,85,20,1700,187.65,664373,https://www.dongwonmall.com/product/detail.do?productId=000664373,동원참치 고추참치,참치/통조림,플레이크형,스파이시(고추소스),즉석,반찬,캔,,False,False,True
동원참치 살코기 라이트스탠다드 150g x 10캔,참치/연어통조림,통조림,반찬/주재료,27000,4.9,645,150,10,1500,180.0,632615,https://www.dongwonmall.com/product/detail.do?productId=000632615,동원참치 살코기 라이트스탠다드,참치/통조림,플레이크형,확인필요,즉석,반찬,캔,,False,False,True
동원 양반 수라 한우사골곰탕 460g (1~2인분) x 20개,국/탕/찌개,즉석조리식품,식사,39600,4.9,637,460,20,9200,43.04,1243573,https://www.dongwonmall.com/product/detail.do?productId=001243573,동원 양반 수라 한우사골곰탕,즉석국/탕,국/탕,한우사골,전자레인지,식사대용,파우치,,False,False,True
동원참치 고추참치 85g x 10캔,참치/연어통조림,통조림,반찬/주재료,17900,4.9,600,85,10,850,210.59,665448,https://www.dongwonmall.com/product/detail.do?productId=000665448,동원참치 고추참치,참치/통조림,플레이크형,스파이시(고추소스),즉석,반찬,캔,,False,False,True
동원참치 고추참치 100g x 10캔,참치/연어통조림,통조림,반찬/주재료,19000,4.9,461,100,10,1000,190.0,523767,https://www.dongwonmall.com/product/detail.do?productId=000523767,동원참치 고추참치,참치/통조림,플레이크형,스파이시(고추소스),즉석,반찬,캔,,False,False,True
동원 양반 전복죽 287g x 24개,죽/스프,즉석조리식품,간편식사,48900,4.9,425,287,24,6888,70.99,2648,https://www.dongwonmall.com/product/detail.do?productId=000002648,동원 양반 전복죽,죽류,레토르트죽,"해물, 전복",전자레인지,식사대용,캔,,False,False,True
동원 자연산골뱅이 230g x 5캔,골뱅이/수산통조림,통조림,안주/반찬,27400,5.0,419,230,5,1150,238.26,10247,https://www.dongwonmall.com/product/detail.do?productId=000010247,동원 자연산골뱅이,수산가공/통조림,,"해물, 골뱅이",즉석,식재료,캔,,False,False,True
동원홈푸드 비비드키친 저당 굴소스 310g,기타양념,양념,조미료,5200,5.0,393,310,1,310,167.74,3698276,https://www.dongwonmall.com/product/detail.do?productId=003698276,동원홈푸드 비비드키친 저당 굴소스,소스/조미료,,굴,,,,,False,False,True
동원 자연산골뱅이 300g x 2캔,골뱅이/수산통조림,통조림,안주/반찬,13400,4.9,353,300,2,600,223.33,1218978,https://www.dongwonmall.com/product/detail.do?productId=001218978,동원 자연산골뱅이,수산가공/통조림,,"해물, 골뱅이",즉석,식재료,캔,,False,False,True
동원 리챔 200g x 12캔,햄/닭가슴살,가공육,반찬/주재료,33900,4.9,335,200,12,2400,141.25,750976,https://www.dongwonmall.com/product/detail.do?productId=000750976,동원 리챔,햄/통조림,블록형,확인필요,조리 필요,반찬,캔,,False,False,True
동원 양반 밤단팥죽 285g x 24개,죽/스프,즉석조리식품,간편식사,37900,4.9,327,285,24,6840,55.41,115800,https://www.dongwonmall.com/product/detail.do?productId=000115800,동원 양반 밤단팥죽,죽류,레토르트죽,확인필요,전자레인지,식사대용,파우치,,False,False,True
[4%적립금] 동원 자연산골뱅이 400g x 24개(1박스),골뱅이/수산통조림,통조림,안주/반찬,179000,5.0,320,400,24,9600,186.46,526005,https://www.dongwonmall.com/product/detail.do?productId=000526005,동원 자연산골뱅이,수산가공/통조림,,"해물, 골뱅이",즉석,식재료,캔,,False,False,True
동원 리챔 200g,햄/닭가슴살,가공육,반찬/주재료,3000,5.0,317,200,1,200,150.0,2231,https://www.dongwonmall.com/product/detail.do?productId=000002231,동원 리챔,햄/통조림,블록형,확인필요,조리 필요,반찬,캔,,False,False,True
동원참치 살코기 라이트스탠다드 250g x 5캔,참치/연어통조림,통조림,반찬/주재료,18900,4.9,316,250,5,1250,151.2,1479421,https://www.dongwonmall.com/product/detail.do?productId=001479421,동원참치 살코기 라이트스탠다드,참치/통조림,플레이크형,확인필요,즉석,반찬,캔,,False,False,True
동원참치 고추참치 150g x 5캔,참치/연어통조림,통조림,반찬/주재료,13500,5.0,314,150,5,750,180.0,295293,https://www.dongwonmall.com/product/detail.do?productId=000295293,동원참치 고추참치,참치/통조림,플레이크형,스파이시(고추소스),즉석,반찬,캔,,False,False,True
[4%적립금] 동원 자연산골뱅이 300g x 24개(1박스),골뱅이/수산통조림,통조림,안주/반찬,135000,5.0,302,300,24,7200,187.5,3698223,https://www.dongwonmall.com/product/detail.do?productId=003698223,동원 자연산골뱅이,수산가공/통조림,,"해물, 골뱅이",즉석,식재료,캔,,False,False,True
동원참치 살코기 라이트스탠다드 250g x 15캔,참치/연어통조림,통조림,반찬/주재료,47600,4.9,291,250,15,3750,126.93,3605645,https://www.dongwonmall.com/product/detail.do?productId=003605645,동원참치 살코기 라이트스탠다드,참치/통조림,플레이크형,확인필요,즉석,반찬,캔,,False,False,True
동원참치 살코기 라이트스탠다드 250g,참치/연어통조림,통조림,반찬/주재료,3700,4.9,282,250,1,250,148.0,2156,https://www.dongwonmall.com/product/detail.do?productId=000002156,동원참치 살코기 라이트스탠다드,참치/통조림,플레이크형,확인필요,즉석,반찬,캔,,False,False,True
동원참치 고추참치 100g x 20캔,참치/연어통조림,통조림,반찬/주재료,36000,5.0,271,100,20,2000,180.0,49580,https://www.dongwonmall.com/product/detail.do?productId=000049580,동원참치 고추참치,참치/통조림,플레이크형,스파이시(고추소스),즉석,반찬,캔,,False,False,True
동원 자연산꽁치 400g x 3캔,고등어/꽁치통조림,통조림,반찬,13000,4.9,271,400,3,1200,108.33,1479663,https://www.dongwonmall.com/product/detail.do?productId=001479663,동원 자연산꽁치,수산가공/통조림,,"해물, 꽁치",즉석,식재료,캔,,False,False,True
동원참치 매운고추참치 150g x 10캔,참치/연어통조림,통조림,반찬/주재료,27000,4.9,251,150,10,1500,180.0,523144,https://www.dongwonmall.com/product/detail.do?productId=000523144,동원참치 매운고추참치,참치/통조림,플레이크형,스파이시(고추소스),즉석,반찬,캔,,False,False,True
동원참치 살코기 라이트스탠다드 150g,참치/연어통조림,통조림,반찬/주재료,2800,5.0,250,150,1,150,186.67,2155,https://www.dongwonmall.com/product/detail.do?productId=000002155,동원참치 살코기 라이트스탠다드,참치/통조림,플레이크형,확인필요,즉석,반찬,캔,,False,False,True
동원참치 김치찌개용 150g x 10캔,참치/연어통조림,통조림,반찬/주재료,27000,4.9,245,150,10,1500,180.0,523704,https://www.dongwonmall.com/product/detail.do?productId=000523704,동원참치 김치찌개용,즉석국/탕,국/탕,확인필요,전자레인지,식사대용,캔,,False,False,True
동원 리챔 200g x 6캔,햄/닭가슴살,가공육,반찬/주재료,17400,5.0,226,200,6,1200,145.0,79120,https://www.dongwonmall.com/product/detail.do?productId=000079120,동원 리챔,햄/통조림,블록형,"돼지고기, 소고기 (햄)",조리 필요,반찬,캔,부드럽다; 짠맛; 낮음; 맛있다,False,False,True
동원 Dole 파인애플 432g,과일/옥수수/팥,통조림,간식/요리재료,2800,4.9,226,432,1,432,64.81,2211,https://www.dongwonmall.com/product/detail.do?productId=000002211,동원 Dole 파인애플,,,확인필요,,,,,False,False,True
동원참치 야채참치 150g x 10캔,참치/연어통조림,통조림,반찬/주재료,27000,4.9,216,150,10,1500,180.0,866772,https://www.dongwonmall.com/product/detail.do?productId=000866772,동원참치 야채참치,참치/통조림,플레이크형,야채,즉석,반찬,캔,,False,False,True
동원 양반 야채죽 287g x 24개,죽/스프,즉석조리식품,간편식사,37900,5.0,214,287,24,6888,55.02,2654,https://www.dongwonmall.com/product/detail.do?productId=000002654,동원 양반 야채죽,죽류,레토르트죽,야채,전자레인지,식사대용,캔,,False,False,True
동원 리챔 340g,햄/닭가슴살,가공육,반찬/주재료,4500,4.9,208,340,1,340,132.35,2232,https://www.dongwonmall.com/product/detail.do?productId=000002232,동원 리챔,햄/통조림,블록형,"돼지고기, 소고기 (햄)",조리 필요,반찬,캔,부드럽다; 짠맛; 낮음; 맛있다,False,False,True
동원 양반 차돌 육개장 460g (1~2인분),국/탕/찌개,즉석조리식품,간편식사,4300,4.8,206,460,1,460,93.48,1243295,https://www.dongwonmall.com/product/detail.do?productId=001243295,동원 양반 차돌 육개장,,,확인필요,,,,,False,False,True
동원 양반 진국 사골곰탕 500g (1~2인분) x 20개,국/탕/찌개,즉석조리식품,간편식사,26000,4.9,205,500,20,10000,26.0,1243572,https://www.dongwonmall.com/product/detail.do?productId=001243572,동원 양반 진국 사골곰탕,즉석국/탕,국/탕,한우사골,전자레인지,식사대용,파우치,,False,False,True
동원 Dole 후르츠칵테일 432g,과일/옥수수/팥,통조림,간식/요리재료,2800,4.8,198,432,1,432,64.81,2213,https://www.dongwonmall.com/product/detail.do?productId=000002213,동원 Dole 후르츠칵테일,,,확인필요,,,,,False,False,True
동원참치 고추참치 100g,참치/연어통조림,통조림,반찬/주재료,2100,5.0,185,100,1,100,210.0,2178,https://www.dongwonmall.com/product/detail.do?productId=000002178,동원참치 고추참치,참치/통조림,플레이크형,스파이시(고추소스),즉석,반찬,캔,매콤하다; 맛있다; 간편,False,False,True
동원참치 살코기 라이트스탠다드 135gx10캔,참치/연어통조림,통조림,반찬/주재료,22500,4.9,184,135,10,1350,166.67,1029913,https://www.dongwonmall.com/product/detail.do?productId=001029913,동원참치 살코기 라이트스탠다드,참치/통조림,플레이크형,"다랑어, 카놀라유, 야채즙 (마일드)",즉석,반찬,캔,맛있다; 가성비; 배송; 빠름,False,False,True
동원 새콤달콤 도톰쫄깃 삼각유부초밥 340g (4인용),아이반찬,반찬,반찬,4800,4.9,182,340,1,340,141.18,647870,https://www.dongwonmall.com/product/detail.do?productId=000647870,동원 새콤달콤 도톰쫄깃 삼각유부초밥,,,확인필요,,,,,False,False,True
동원참치 살코기 라이트스탠다드 100g,참치/연어통조림,통조림,반찬/주재료,2100,5.0,180,100,1,100,210.0,567885,https://www.dongwonmall.com/product/detail.do?productId=000567885,동원참치 살코기 라이트스탠다드,참치/통조림,플레이크형,"다랑어, 카놀라유, 야채즙 (마일드)",즉석,반찬,캔,맛있다; 가성비; 배송; 빠름,False,False,True
동원 리챔 340g x 12캔,햄/닭가슴살,가공육,반찬/주재료,49000,5.0,172,340,12,4080,120.1,3567235,https://www.dongwonmall.com/product/detail.do?productId=003567235,동원 리챔,햄/통조림,블록형,"돼지고기, 소고기 (햄)",조리 필요,반찬,캔,부드럽다; 짠맛; 낮음; 맛있다,False,False,True
동원 고등어 400g,고등어/꽁치통조림,통조림,반찬,3200,4.9,172,400,1,400,80.0,2193,https://www.dongwonmall.com/product/detail.do?productId=000002193,동원 고등어,,,확인필요,,,,,False,False,True
동원참치 김치찌개용 250g x 10캔,참치/연어통조림,통조림,반찬/주재료,35000,5.0,169,250,10,2500,140.0,523725,https://www.dongwonmall.com/product/detail.do?productId=000523725,동원참치 김치찌개용,즉석국/탕,국/탕,확인필요,전자레인지,식사대용,캔,,False,False,True
동원 양반 수라 도가니설렁탕 460g (1~2인분) x 5개,국/탕/찌개,즉석조리식품,간편식사,22900,4.9,168,460,5,2300,99.57,3623150,https://www.dongwonmall.com/product/detail.do?productId=003623150,동원 양반 수라 도가니설렁탕,즉석국/탕,국/탕,확인필요,전자레인지,식사대용,파우치,,False,False,True
동원 양반 단호박죽 285g x 24개,죽/스프,즉석조리식품,간편식사,37900,4.9,168,285,24,6840,55.41,1048200,https://www.dongwonmall.com/product/detail.do?productId=001048200,동원 양반 단호박죽,죽류,레토르트죽,확인필요,전자레인지,식사대용,캔,,False,False,True
동원 자연산꽁치 400g x 12캔,고등어/꽁치통조림,통조림,반찬,44400,5.0,167,400,12,4800,92.5,3569051,https://www.dongwonmall.com/product/detail.do?productId=003569051,동원 자연산꽁치,수산가공/통조림,블록형,꽁치,즉석,식재료,캔,,False,False,True
동원참치 DHA 250g x 10캔,참치/연어통조림,통조림,반찬/주재료,35000,4.9,165,250,10,2500,140.0,522390,https://www.dongwonmall.com/product/detail.do?productId=000522390,동원참치 DHA,참치/통조림,플레이크형,확인필요,즉석,반찬,캔,,False,False,True
동원 양반 수라 왕갈비탕 460g (1~2인분),국/탕/찌개,즉석조리식품,간편식사,4900,4.7,159,460,1,460,106.52,1243299,https://www.dongwonmall.com/product/detail.do?productId=001243299,동원 양반 수라 왕갈비탕,즉석국/탕,국/탕,확인필요,전자레인지,식사대용,파우치,,False,False,True
동원 자연산꽁치 400g x 5캔,고등어/꽁치통조림,통조림,반찬,20500,4.9,159,400,5,2000,102.5,1479669,https://www.dongwonmall.com/product/detail.do?productId=001479669,동원 자연산꽁치,수산가공/통조림,블록형,꽁치,즉석,식재료,캔,,False,False,True
동원참치 고추참치 150g x 20캔,참치/연어통조림,통조림,반찬/주재료,49200,4.9,158,150,20,3000,164.0,1222993,https://www.dongwonmall.com/product/detail.do?productId=001222993,동원참치 고추참치,참치/통조림,플레이크형,스파이시(고추소스),즉석,반찬,캔,매콤하다; 맛있다; 간편,False,False,True
동원 양반 진국 사골곰탕 500g (1~2인분),국/탕/찌개,즉석조리식품,간편식사,1600,4.9,154,500,1,500,32.0,1243334,https://www.dongwonmall.com/product/detail.do?productId=001243334,동원 양반 진국 사골곰탕,즉석국/탕,국/탕,한우사골,전자레인지,식사대용,파우치,,False,False,True
동원참치 고추참치 150g,참치/연어통조림,통조림,반찬/주재료,2800,5.0,150,150,1,150,186.67,2179,https://www.dongwonmall.com/product/detail.do?productId=000002179,동원참치 고추참치,참치/통조림,플레이크형,스파이시(고추소스),즉석,반찬,캔,매콤하다; 맛있다; 간편,False,False,True
동원참치 살코기 라이트스탠다드 250g x 3캔,참치/연어통조림,통조림,반찬/주재료,10800,4.9,148,250,3,750,144.0,1479411,https://www.dongwonmall.com/product/detail.do?productId=001479411,동원참치 살코기 라이트스탠다드,참치/통조림,플레이크형,"다랑어, 카놀라유, 야채즙 (마일드)",즉석,반찬,캔,맛있다; 가성비; 배송; 빠름,False,False,True
동원 양반 수라 한우사골곰탕 460g (1~2인분),국/탕/찌개,즉석조리식품,간편식사,2300,4.9,147,460,1,460,50.0,1243313,https://www.dongwonmall.com/product/detail.do?productId=001243313,동원 양반 수라 한우사골곰탕,즉석국/탕,국/탕,한우사골,전자레인지,식사대용,파우치,,False,False,True
동원 양반 단호박죽 420g x 10개,죽/스프,즉석조리식품,간편식사,23900,4.9,147,420,10,4200,56.9,3565759,https://www.dongwonmall.com/product/detail.do?productId=003565759,동원 양반 단호박죽,죽류,레토르트죽,확인필요,전자레인지,식사대용,파우치,,False,False,True
동원참치 고추참치 250g x 10캔,참치/연어통조림,통조림,반찬/주재료,35000,4.9,146,250,10,2500,140.0,523885,https://www.dongwonmall.com/product/detail.do?productId=000523885,동원참치 고추참치,참치/통조림,플레이크형,스파이시(고추소스),즉석,반찬,캔,매콤하다; 맛있다; 간편,False,False,True
[4%적립금] 동원 리챔 순닭가슴살 135g x 48개(1박스),햄/닭가슴살,가공육,반찬/주재료,75000,5.0,140,135,48,6480,115.74,3692041,https://www.dongwonmall.com/product/detail.do?productId=003692041,동원 리챔 순닭가슴살,햄/통조림,블록형,"돼지고기, 소고기 (햄)",조리 필요,반찬,캔,,False,False,True
동원 양반 전복죽 287g x 4개,죽/스프,즉석조리식품,간편식사,8600,4.9,136,287,4,1148,74.91,3565285,https://www.dongwonmall.com/product/detail.do?productId=003565285,동원 양반 전복죽,죽류,레토르트죽,"해물, 전복",전자레인지,식사대용,캔,,False,False,True
동원 고등어 400g x 12캔,고등어/꽁치통조림,통조림,반찬,26000,4.9,135,400,12,4800,54.17,3569105,https://www.dongwonmall.com/product/detail.do?productId=003569105,동원 고등어,,,확인필요,,,캔,,False,False,True
동원 자연산골뱅이 400g,골뱅이/수산통조림,통조림,안주/반찬,9280,4.9,133,400,1,400,232.0,2197,https://www.dongwonmall.com/product/detail.do?productId=000002197,동원 자연산골뱅이,수산가공/통조림,슬라이스형,골뱅이,즉석,식재료,캔,,False,False,True
동원 양반 들깨닭죽 420g x 4개,죽/스프,즉석조리식품,간편식사,12900,4.9,129,420,4,1680,76.79,1212930,https://www.dongwonmall.com/product/detail.do?productId=001212930,동원 양반 들깨닭죽,죽류,레토르트죽,확인필요,전자레인지,식사대용,파우치,,False,False,True
동원 양반 밤단팥죽 420g x 10개,죽/스프,즉석조리식품,간편식사,23900,5.0,129,420,10,4200,56.9,3565764,https://www.dongwonmall.com/product/detail.do?productId=003565764,동원 양반 밤단팥죽,죽류,레토르트죽,"단팥, 밤",전자레인지,식사대용,파우치,,False,False,True
동원참치 살코기 라이트스탠다드 100g x 3캔,참치/연어통조림,통조림,반찬/주재료,5300,5.0,126,100,3,300,176.67,135680,https://www.dongwonmall.com/product/detail.do?productId=000135680,동원참치 살코기 라이트스탠다드,참치/통조림,플레이크형,"다랑어, 카놀라유, 야채즙 (마일드)",즉석,반찬,캔,맛있다; 가성비; 배송; 빠름,False,False,True
[4%적립금] 동원 자연산꽁치 400g x 24개(1박스),고등어/꽁치통조림,통조림,반찬,79000,5.0,126,400,24,9600,82.29,3687735,https://www.dongwonmall.com/product/detail.do?productId=003687735,동원 자연산꽁치,수산가공/통조림,블록형,꽁치,즉석,식재료,캔,,False,False,True
동원참치 살코기 라이트스탠다드 85g,참치/연어통조림,통조림,반찬/주재료,2200,4.9,125,85,1,85,258.82,580696,https://www.dongwonmall.com/product/detail.do?productId=000580696,동원참치 살코기 라이트스탠다드,참치/통조림,플레이크형,"다랑어, 카놀라유, 야채즙 (마일드)",즉석,반찬,캔,맛있다; 가성비; 배송; 빠름,False,False,True
[4%적립금] 동원 저스트 노슈가 스위트콘 340g x 24캔(1박스),과일/옥수수/팥,통조림,간식/요리재료,29500,5.0,125,340,24,8160,36.15,3691055,https://www.dongwonmall.com/product/detail.do?productId=003691055,동원 저스트 노슈가 스위트콘,,,확인필요,,,캔,,False,False,True
동원 양반 밤단팥죽 420g x 4개,죽/스프,즉석조리식품,간편식사,10900,4.9,123,420,4,1680,64.88,3565763,https://www.dongwonmall.com/product/detail.do?productId=003565763,동원 양반 밤단팥죽,죽류,레토르트죽,"단팥, 밤",전자레인지,식사대용,파우치,,False,False,True
동원참치 고추참치 150g x 10캔,참치/연어통조림,통조림,반찬/주재료,27000,4.7,122,150,10,1500,180.0,523844,https://www.dongwonmall.com/product/detail.do?productId=000523844,동원참치 고추참치,참치/통조림,플레이크형,스파이시(고추소스),즉석,반찬,캔,매콤하다; 맛있다; 간편,False,False,True
동원 고등어 400g x 9캔,고등어/꽁치통조림,통조림,반찬,20000,5.0,122,400,9,3600,55.56,34040,https://www.dongwonmall.com/product/detail.do?productId=000034040,동원 고등어,,,확인필요,,,캔,,False,False,True
동원 복숭아 백도 400g x 12캔(1/2박스),과일/옥수수/팥,통조림,간식/요리재료,26000,4.9,122,400,12,4800,54.17,1479844,https://www.dongwonmall.com/product/detail.do?productId=001479844,동원 복숭아 백도,,,확인필요,,,캔,,False,False,True
[4%적립금] 동원 고등어 400g x 24개(1박스),고등어/꽁치통조림,통조림,반찬,45900,5.0,121,400,24,9600,47.81,3687738,https://www.dongwonmall.com/product/detail.do?productId=003687738,동원 고등어,,,확인필요,,,,,False,False,True
동원참치 살코기 라이트스탠다드 85g x 60캔(1박스),참치/연어통조림,통조림,반찬/주재료,91200,5.0,120,85,60,5100,178.82,858002,https://www.dongwonmall.com/product/detail.do?productId=000858002,동원참치 살코기 라이트스탠다드,참치/통조림,플레이크형,"다랑어, 카놀라유, 야채즙 (마일드)",즉석,반찬,캔,맛있다; 가성비; 배송; 빠름,False,False,True
동원 저스트 노슈가 스위트콘 340g,과일/옥수수/팥,통조림,간식/요리재료,1480,4.9,118,340,1,340,43.53,3691018,https://www.dongwonmall.com/product/detail.do?productId=003691018,동원 저스트 노슈가 스위트콘,,,확인필요,,,,,False,False,True
동원 자연산골뱅이 230g,골뱅이/수산통조림,통조림,안주/반찬,6480,4.9,117,230,1,230,281.74,2196,https://www.dongwonmall.com/product/detail.do?productId=000002196,동원 자연산골뱅이,수산가공/통조림,슬라이스형,골뱅이,즉석,식재료,캔,,False,False,True
동원 자연산꽁치 400g x 6캔,고등어/꽁치통조림,통조림,반찬,25800,5.0,116,400,6,2400,107.5,3569011,https://www.dongwonmall.com/product/detail.do?productId=003569011,동원 자연산꽁치,수산가공/통조림,블록형,꽁치,즉석,식재료,캔,,False,False,True
동원참치 고추참치 85g x 5캔,참치/연어통조림,통조림,반찬/주재료,9400,5.0,115,85,5,425,221.18,664371,https://www.dongwonmall.com/product/detail.do?productId=000664371,동원참치 고추참치,참치/통조림,플레이크형,스파이시(고추소스),즉석,반찬,캔,매콤하다; 맛있다; 간편,False,False,True
동원 양반 쇠고기죽 420g x 10개,죽/스프,즉석조리식품,간편식사,23900,5.0,114,420,10,4200,56.9,3565753,https://www.dongwonmall.com/product/detail.do?productId=003565753,동원 양반 쇠고기죽,죽류,레토르트죽,확인필요,전자레인지,식사대용,파우치,,False,False,True
동원 양반 수라 통다리 삼계탕 460g (1~2인분) x 3개,국/탕/찌개,즉석조리식품,간편식사,15900,4.9,112,460,3,1380,115.22,1478663,https://www.dongwonmall.com/product/detail.do?productId=001478663,동원 양반 수라 통다리 삼계탕,즉석국/탕,국/탕,확인필요,전자레인지,식사대용,파우치,,False,False,True
동원 양반 전복죽 287g,죽/스프,즉석조리식품,간편식사,2500,4.9,111,287,1,287,87.11,2219,https://www.dongwonmall.com/product/detail.do?productId=000002219,동원 양반 전복죽,죽류,레토르트죽,"해물, 전복",전자레인지,식사대용,캔,,False,False,True
동원 양반 한우사골시래기국 460g (1~2인분),국/탕/찌개,즉석조리식품,간편식사,4300,4.9,110,460,1,460,93.48,1312547,https://www.dongwonmall.com/product/detail.do?productId=001312547,동원 양반 한우사골시래기국,즉석국/탕,국/탕,한우사골,전자레인지,식사대용,파우치,,False,False,True
동원참치 살코기 라이트스탠다드 85g x 5캔,참치/연어통조림,통조림,반찬/주재료,9200,5.0,107,85,5,425,216.47,624401,https://www.dongwonmall.com/product/detail.do?productId=000624401,동원참치 살코기 라이트스탠다드,참치/통조림,플레이크형,"다랑어, 카놀라유, 야채즙 (마일드)",즉석,반찬,캔,맛있다; 가성비; 배송; 빠름,False,False,True
동원참치 고추참치 85g,참치/연어통조림,통조림,반찬/주재료,2200,5.0,105,85,1,85,258.82,655619,https://www.dongwonmall.com/product/detail.do?productId=000655619,동원참치 고추참치,참치/통조림,플레이크형,스파이시(고추소스),즉석,반찬,캔,매콤하다; 맛있다; 간편,False,False,True
동원참치 DHA 150g x 48캔 (1박스),참치/연어통조림,통조림,반찬/주재료,103000,5.0,105,150,48,7200,143.06,2622,https://www.dongwonmall.com/product/detail.do?productId=000002622,동원참치 DHA,참치/통조림,플레이크형,확인필요,즉석,반찬,캔,,False,False,True
동원 양반 쇠고기죽 287g x 4개,죽/스프,즉석조리식품,간편식사,7600,4.9,105,287,4,1148,66.2,3565312,https://www.dongwonmall.com/product/detail.do?productId=003565312,동원 양반 쇠고기죽,죽류,레토르트죽,확인필요,전자레인지,식사대용,캔,,False,False,True
동원 양반 진국 소고기무국 460g (1~2인분),국/탕/찌개,즉석조리식품,간편식사,4300,4.9,104,460,1,460,93.48,1243326,https://www.dongwonmall.com/product/detail.do?productId=001243326,동원 양반 진국 소고기무국,즉석국/탕,국/탕,확인필요,전자레인지,식사대용,파우치,,False,False,True
동원 양반 밤단팥죽 285g x 4개,죽/스프,즉석조리식품,간편식사,7600,4.9,103,285,4,1140,66.67,3565332,https://www.dongwonmall.com/product/detail.do?productId=003565332,동원 양반 밤단팥죽,죽류,레토르트죽,"단팥, 밤",전자레인지,식사대용,파우치,,False,False,True
동원 양반 단호박죽 420g x 4개,죽/스프,즉석조리식품,간편식사,10900,4.8,103,420,4,1680,64.88,3565756,https://www.dongwonmall.com/product/detail.do?productId=003565756,동원 양반 단호박죽,죽류,레토르트죽,확인필요,전자레인지,식사대용,파우치,,False,False,True
동원 양반 소고기 미역국 460g (1~2인분) x 3개,국/탕/찌개,즉석조리식품,간편식사,12000,4.9,101,460,3,1380,86.96,3566070,https://www.dongwonmall.com/product/detail.do?productId=003566070,동원 양반 소고기 미역국,즉석국/탕,국/탕,확인필요,전자레인지,식사대용,파우치,,False,False,True
동원 고등어 400g x 6캔,고등어/꽁치통조림,통조림,반찬,13800,4.8,101,400,6,2400,57.5,757358,https://www.dongwonmall.com/product/detail.do?productId=000757358,동원 고등어,,,확인필요,,,캔,,False,False,True
동원 양반 수라 부대찌개 460g (1~2인분),국/탕/찌개,즉석조리식품,간편식사,5500,4.8,100,460,1,460,119.57,1425335,https://www.dongwonmall.com/product/detail.do?productId=001425335,동원 양반 수라 부대찌개,즉석국/탕,국/탕,확인필요,전자레인지,식사대용,파우치,,False,False,True
동원 양반 단호박죽 285g x 12개,죽/스프,즉석조리식품,간편식사,19900,4.9,99,285,12,3420,58.19,1059629,https://www.dongwonmall.com/product/detail.do?productId=001059629,동원 양반 단호박죽,죽류,레토르트죽,확인필요,전자레인지,식사대용,캔,,False,False,True
동원 양반 차돌 육개장 460g (1~2인분) x 5개,국/탕/찌개,즉석조리식품,간편식사,19300,4.9,98,460,5,2300,83.91,3566152,https://www.dongwonmall.com/product/detail.do?productId=003566152,동원 양반 차돌 육개장,,,확인필요,,,,,False,False,True
동원 양반 보양 삼계탕 900g (1~2인분) x 3개,국/탕/찌개,즉석조리식품,간편식사,28400,4.8,95,900,3,2700,105.19,1388735,https://www.dongwonmall.com/product/detail.do?productId=001388735,동원 양반 보양 삼계탕,즉석국/탕,국/탕,확인필요,전자레인지,식사대용,파우치,,False,False,True
동원참치 살코기 라이트스탠다드 100g x 5캔,참치/연어통조림,통조림,반찬/주재료,9500,4.9,92,100,5,500,190.0,2617,https://www.dongwonmall.com/product/detail.do?productId=000002617,동원참치 살코기 라이트스탠다드,참치/통조림,플레이크형,"다랑어, 카놀라유, 야채즙 (마일드)",즉석,반찬,캔,맛있다; 가성비; 배송; 빠름,False,False,True
동원 양반 수라 왕갈비탕 460g (1~2인분) x 3개,국/탕/찌개,즉석조리식품,간편식사,14600,4.8,92,460,3,1380,105.8,1421824,https://www.dongwonmall.com/product/detail.do?productId=001421824,동원 양반 수라 왕갈비탕,즉석국/탕,국/탕,확인필요,전자레인지,식사대용,파우치,,False,False,True
동원참치 고추참치 85g x 3캔,참치/연어통조림,통조림,반찬/주재료,6000,4.9,88,85,3,255,235.29,1478575,https://www.dongwonmall.com/product/detail.do?productId=001478575,동원참치 고추참치,참치/통조림,플레이크형,스파이시(고추소스),즉석,반찬,캔,매콤하다; 맛있다; 간편,False,False,True
동원참치 스프레드 고소마요 100g x 10캔,참치/연어통조림,통조림,반찬/주재료,20000,5.0,83,100,10,1000,200.0,3569165,https://www.dongwonmall.com/product/detail.do?productId=003569165,동원참치 스프레드 고소마요,참치/통조림,플레이크형,확인필요,즉석,반찬,캔,,False,False,True
동원 양반 수라 왕갈비탕 460g (1~2인분) x 5개,국/탕/찌개,즉석조리식품,간편식사,23900,4.9,82,460,5,2300,103.91,3565923,https://www.dongwonmall.com/product/detail.do?productId=003565923,동원 양반 수라 왕갈비탕,즉석국/탕,국/탕,확인필요,전자레인지,식사대용,파우치,,False,False,True
동원 양반 백합 미역국 460g (1~2인분),국/탕/찌개,즉석조리식품,간편식사,4300,4.9,81,460,1,460,93.48,1243297,https://www.dongwonmall.com/product/detail.do?productId=001243297,동원 양반 백합 미역국,즉석국/탕,국/탕,확인필요,전자레인지,식사대용,파우치,,False,False,True
동원 양반 전통잣죽 285g x 24개,죽/스프,즉석조리식품,간편식사,49800,4.9,81,285,24,6840,72.81,1478679,https://www.dongwonmall.com/product/detail.do?productId=001478679,동원 양반 전통잣죽,죽류,레토르트죽,확인필요,전자레인지,식사대용,캔,,False,False,True
동원 양반 백합우거지된장국 460g (1~2인분) x 3개,국/탕/찌개,즉석조리식품,간편식사,12000,4.8,80,460,3,1380,86.96,3566196,https://www.dongwonmall.com/product/detail.do?productId=003566196,동원 양반 백합우거지된장국,즉석국/탕,국/탕,확인필요,전자레인지,식사대용,파우치,,False,False,True
동원 양반 단호박죽 285g x 4개,죽/스프,즉석조리식품,간편식사,7600,4.9,80,285,4,1140,66.67,3565298,https://www.dongwonmall.com/product/detail.do?productId=003565298,동원 양반 단호박죽,죽류,레토르트죽,확인필요,전자레인지,식사대용,캔,,False,False,True
동원맛참 마요참기름 135g,참치/연어통조림,통조림,반찬/주재료,2880,4.9,79,135,1,135,213.33,3774396,https://www.dongwonmall.com/product/detail.do?productId=003774396,동원맛참 마요참기름,,,확인필요,,,,,False,False,True
동원 화끈한 골뱅이 400gx3캔,골뱅이/수산통조림,통조림,안주/반찬,26900,4.9,77,400,3,1200,224.17,106160,https://www.dongwonmall.com/product/detail.do?productId=000106160,동원 화끈한 골뱅이,수산가공/통조림,슬라이스형,골뱅이,즉석,식재료,캔,,False,False,True
동원 양반 쇠고기죽 287g,죽/스프,즉석조리식품,간편식사,2200,5.0,77,287,1,287,76.66,11119,https://www.dongwonmall.com/product/detail.do?productId=000011119,동원 양반 쇠고기죽,죽류,레토르트죽,확인필요,전자레인지,식사대용,캔,,False,False,True
동원 양반 영양닭죽 285g x 24개,죽/스프,즉석조리식품,간편식사,42900,4.9,76,285,24,6840,62.72,1212908,https://www.dongwonmall.com/product/detail.do?productId=001212908,동원 양반 영양닭죽,죽류,레토르트죽,확인필요,전자레인지,식사대용,캔,,False,False,True
동원 양반 단호박죽 420g x 20개,죽/스프,즉석조리식품,간편식사,45550,5.0,74,420,20,8400,54.23,3645674,https://www.dongwonmall.com/product/detail.do?productId=003645674,동원 양반 단호박죽,죽류,레토르트죽,확인필요,전자레인지,식사대용,파우치,,False,False,True
동원 떡볶이의신 신당동 즉석쫄볶이 397g (2인분),떡볶이/떡류,떡류,간식,4980,4.9,73,397,1,397,125.44,907598,https://www.dongwonmall.com/product/detail.do?productId=000907598,동원 떡볶이의신 신당동 즉석쫄볶이,,,확인필요,,,,,False,False,True
동원 양반 소고기 미역국 460g (1~2인분),국/탕/찌개,즉석조리식품,간편식사,4300,5.0,73,460,1,460,93.48,1425333,https://www.dongwonmall.com/product/detail.do?productId=001425333,동원 양반 소고기 미역국,즉석국/탕,국/탕,확인필요,전자레인지,식사대용,파우치,,False,False,True
동원 양반 수라 통다리 삼계탕 460g (1~2인분) x 5개,국/탕/찌개,즉석조리식품,간편식사,25900,5.0,73,460,5,2300,112.61,1478661,https://www.dongwonmall.com/product/detail.do?productId=001478661,동원 양반 수라 통다리 삼계탕,즉석국/탕,국/탕,확인필요,전자레인지,식사대용,파우치,,False,False,True
동원 양반 단호박죽 420g,죽/스프,즉석조리식품,간편식사,3200,4.9,71,420,1,420,76.19,1073678,https://www.dongwonmall.com/product/detail.do?productId=001073678,동원 양반 단호박죽,죽류,레토르트죽,확인필요,전자레인지,식사대용,파우치,,False,False,True
동원 양반 영양닭죽 285g x 4개,죽/스프,즉석조리식품,간편식사,7600,4.9,71,285,4,1140,66.67,3565338,https://www.dongwonmall.com/product/detail.do?productId=003565338,동원 양반 영양닭죽,죽류,레토르트죽,확인필요,전자레인지,식사대용,캔,,False,False,True
동원 구운소금 210g,소금,양념,조미료,2900,4.9,70,210,1,210,138.1,3568279,https://www.dongwonmall.com/product/detail.do?productId=003568279,동원 구운소금,,,확인필요,,,,,False,False,True
동원 리챔 340g x 9캔,햄/닭가슴살,가공육,반찬/주재료,36900,5.0,70,340,9,3060,120.59,3567234,https://www.dongwonmall.com/product/detail.do?productId=003567234,동원 리챔,햄/통조림,블록형,"돼지고기, 소고기 (햄)",조리 필요,반찬,캔,부드럽다; 짠맛; 낮음; 맛있다,False,False,True
동원 양반 수라 부대찌개 460g (1~2인분) x 3개,국/탕/찌개,즉석조리식품,간편식사,15000,4.8,70,460,3,1380,108.7,1478673,https://www.dongwonmall.com/product/detail.do?productId=001478673,동원 양반 수라 부대찌개,즉석국/탕,국/탕,확인필요,전자레인지,식사대용,파우치,,False,False,True
동원 양반 쇠고기죽 420g,죽/스프,즉석조리식품,간편식사,3300,4.9,70,420,1,420,78.57,1073677,https://www.dongwonmall.com/product/detail.do?productId=001073677,동원 양반 쇠고기죽,죽류,레토르트죽,확인필요,전자레인지,식사대용,파우치,,False,False,True
동원 고등어 400g x 3캔,고등어/꽁치통조림,통조림,반찬,7500,4.8,70,400,3,1200,62.5,560033,https://www.dongwonmall.com/product/detail.do?productId=000560033,동원 고등어,,,확인필요,,,캔,,False,False,True
동원 양반 참치죽 287g x 24개,죽/스프,즉석조리식품,간편식사,37900,4.9,70,287,24,6888,55.02,1048201,https://www.dongwonmall.com/product/detail.do?productId=001048201,동원 양반 참치죽,죽류,레토르트죽,확인필요,전자레인지,식사대용,캔,,False,False,True
[4%적립금] 동원 자연산왕골뱅이 400g x 24개(1박스),골뱅이/수산통조림,통조림,안주/반찬,179000,5.0,67,400,24,9600,186.46,3698222,https://www.dongwonmall.com/product/detail.do?productId=003698222,동원 자연산왕골뱅이,수산가공/통조림,슬라이스형,골뱅이,즉석,식재료,캔,,False,False,True
동원참치 고추참치 100g x 3캔,참치/연어통조림,통조림,반찬/주재료,5300,4.9,67,100,3,300,176.67,1016384,https://www.dongwonmall.com/product/detail.do?productId=001016384,동원참치 고추참치,참치/통조림,플레이크형,스파이시(고추소스),즉석,반찬,캔,매콤하다; 맛있다; 간편,False,False,True
동원 복숭아 백도 400g,과일/옥수수/팥,통조림,간식/요리재료,2800,4.9,67,400,1,400,70.0,2203,https://www.dongwonmall.com/product/detail.do?productId=000002203,동원 복숭아 백도,,,확인필요,,,,,False,False,True
동원 리챔 200g x 3캔,햄/닭가슴살,가공육,반찬/주재료,8900,4.9,66,200,3,600,148.33,12627,https://www.dongwonmall.com/product/detail.do?productId=000012627,동원 리챔,햄/통조림,블록형,"돼지고기, 소고기 (햄)",조리 필요,반찬,캔,부드럽다; 짠맛; 낮음; 맛있다,False,False,True
동원참치 불참치 90g x 10개,참치/연어통조림,통조림,반찬/주재료,20000,5.0,64,90,10,900,222.22,3688345,https://www.dongwonmall.com/product/detail.do?productId=003688345,동원참치 불참치,참치/통조림,플레이크형,확인필요,즉석,반찬,캔,,False,False,True
동원참치 야채참치 150g x 5캔,참치/연어통조림,통조림,반찬/주재료,13500,5.0,64,150,5,750,180.0,2626,https://www.dongwonmall.com/product/detail.do?productId=000002626,동원참치 야채참치,참치/통조림,플레이크형,야채,즉석,반찬,캔,,False,False,True
동원참치 고추참치 100g x 5캔,참치/연어통조림,통조림,반찬/주재료,9500,5.0,63,100,5,500,190.0,306593,https://www.dongwonmall.com/product/detail.do?productId=000306593,동원참치 고추참치,참치/통조림,플레이크형,스파이시(고추소스),즉석,반찬,캔,매콤하다; 맛있다; 간편,False,False,True
동원 떡볶이의신 학교앞 국물떡볶이 372g (2인분),떡볶이/떡류,떡류,간식,4980,4.5,63,372,1,372,133.87,907618,https://www.dongwonmall.com/product/detail.do?productId=000907618,동원 떡볶이의신 학교앞 국물떡볶이,즉석국/탕,국/탕,확인필요,전자레인지,식사대용,파우치,,False,False,True
[2%적립금] 동원참치 라이트스탠다드 1880g,참치/연어통조림,통조림,반찬/주재료,19000,4.9,63,1880,1,1880,101.06,2153,https://www.dongwonmall.com/product/detail.do?productId=000002153,동원참치 라이트스탠다드,참치/통조림,플레이크형,확인필요,즉석,반찬,캔,,False,False,True
동원 자연산골뱅이 매실청 140g x 10캔,골뱅이/수산통조림,통조림,안주/반찬,32800,5.0,61,140,10,1400,234.29,3579779,https://www.dongwonmall.com/product/detail.do?productId=003579779,동원 자연산골뱅이 매실청,수산가공/통조림,슬라이스형,골뱅이,즉석,식재료,캔,,False,False,True
동원참치 고추참치 150g x 3캔,참치/연어통조림,통조림,반찬/주재료,8200,5.0,61,150,3,450,182.22,1360950,https://www.dongwonmall.com/product/detail.do?productId=001360950,동원참치 고추참치,참치/통조림,플레이크형,스파이시(고추소스),즉석,반찬,캔,매콤하다; 맛있다; 간편,False,False,True
동원 양반 진국 소고기무국 460g (1~2인분) x 5개,국/탕/찌개,즉석조리식품,간편식사,19300,4.9,60,460,5,2300,83.91,3566167,https://www.dongwonmall.com/product/detail.do?productId=003566167,동원 양반 진국 소고기무국,즉석국/탕,국/탕,확인필요,전자레인지,식사대용,파우치,,False,False,True
동원참치 야채참치 150g x 3캔,참치/연어통조림,통조림,반찬/주재료,8200,4.9,59,150,3,450,182.22,1360951,https://www.dongwonmall.com/product/detail.do?productId=001360951,동원참치 야채참치,참치/통조림,플레이크형,야채,즉석,반찬,캔,,False,False,True
동원참치 살코기 라이트스탠다드 85g x 3캔,참치/연어통조림,통조림,반찬/주재료,5100,5.0,58,85,3,255,200.0,1478572,https://www.dongwonmall.com/product/detail.do?productId=001478572,동원참치 살코기 라이트스탠다드,참치/통조림,플레이크형,"다랑어, 카놀라유, 야채즙 (마일드)",즉석,반찬,캔,맛있다; 가성비; 배송; 빠름,False,False,True
동원 초밥의달인 롤유부초밥(고소한맛) 254g x 2개,아이반찬,반찬,반찬,9900,4.9,58,254,2,508,194.88,1431219,https://www.dongwonmall.com/product/detail.do?productId=001431219,동원 초밥의달인 롤유부초밥,,,확인필요,,,,,False,False,True
동원 리챔 순닭가슴살 135g x 24개(1/2박스),햄/닭가슴살,가공육,반찬/주재료,45600,5.0,58,135,24,3240,140.74,3688582,https://www.dongwonmall.com/product/detail.do?productId=003688582,동원 리챔 순닭가슴살,햄/통조림,블록형,"돼지고기, 소고기 (햄)",조리 필요,반찬,캔,,False,False,True
동원 양반 수라 차돌육개장 460g (1~2인분) x 5개,국/탕/찌개,즉석조리식품,간편식사,24000,4.9,58,460,5,2300,104.35,1479782,https://www.dongwonmall.com/product/detail.do?productId=001479782,동원 양반 수라 차돌육개장,,,확인필요,,,,,False,False,True
동원참치 콘참치 85g x 20캔,참치/연어통조림,통조림,반찬/주재료,30800,5.0,56,85,20,1700,181.18,1006012,https://www.dongwonmall.com/product/detail.do?productId=001006012,동원참치 콘참치,참치/통조림,플레이크형,확인필요,즉석,반찬,캔,,False,False,True
동원 마일드참치 150gx10캔,참치/연어통조림,통조림,반찬/주재료,27000,4.9,56,150,10,1500,180.0,75940,https://www.dongwonmall.com/product/detail.do?productId=000075940,동원 마일드참치,참치/통조림,플레이크형,마일드,즉석,반찬,캔,,False,False,True
동원참치 김치찌개용 250g,참치/연어통조림,통조림,반찬/주재료,3700,5.0,56,250,1,250,148.0,2177,https://www.dongwonmall.com/product/detail.do?productId=000002177,동원참치 김치찌개용,즉석국/탕,국/탕,확인필요,전자레인지,식사대용,파우치,,False,False,True
동원 양반 캔볶음김치 160g x 10캔,반찬/기타통조림,반찬,반찬,18500,4.9,56,160,10,1600,115.62,1507641,https://www.dongwonmall.com/product/detail.do?productId=001507641,동원 양반 캔볶음김치,,,확인필요,,,캔,,False,False,True
동원 양반 단호박죽 285g,죽/스프,즉석조리식품,간편식사,2100,4.9,56,285,1,285,73.68,578079,https://www.dongwonmall.com/product/detail.do?productId=000578079,동원 양반 단호박죽,죽류,레토르트죽,확인필요,전자레인지,식사대용,캔,,False,False,True
동원 양반 버섯 야채죽 420g x 10개,죽/스프,즉석조리식품,간편식사,23900,4.9,56,420,10,4200,56.9,3565773,https://www.dongwonmall.com/product/detail.do?productId=003565773,동원 양반 버섯 야채죽,죽류,레토르트죽,야채,전자레인지,식사대용,파우치,,False,False,True
동원참치 야채참치 150g,참치/연어통조림,통조림,반찬/주재료,2800,4.9,55,150,1,150,186.67,2174,https://www.dongwonmall.com/product/detail.do?productId=000002174,동원참치 야채참치,참치/통조림,플레이크형,야채,즉석,반찬,캔,,False,False,True
동원 초밥의달인 큰사각유부초밥 378g,아이반찬,반찬,반찬,6280,4.9,55,378,1,378,166.14,1414913,https://www.dongwonmall.com/product/detail.do?productId=001414913,동원 초밥의달인 큰사각유부초밥,,,확인필요,,,,,False,False,True
동원 양반 쇠고기죽 420g x 4개,죽/스프,즉석조리식품,간편식사,11900,4.9,55,420,4,1680,70.83,3565752,https://www.dongwonmall.com/product/detail.do?productId=003565752,동원 양반 쇠고기죽,죽류,레토르트죽,확인필요,전자레인지,식사대용,파우치,,False,False,True
동원참치 살코기 라이트스탠다드 135gx20캔,참치/연어통조림,통조림,반찬/주재료,42000,4.9,54,135,20,2700,155.56,3676353,https://www.dongwonmall.com/product/detail.do?productId=003676353,동원참치 살코기 라이트스탠다드,참치/통조림,플레이크형,"다랑어, 카놀라유, 야채즙 (마일드)",즉석,반찬,캔,맛있다; 가성비; 배송; 빠름,False,False,True
동원 양반 캔볶음김치 160g,반찬/기타통조림,반찬,반찬,1980,4.9,54,160,1,160,123.75,752601,https://www.dongwonmall.com/product/detail.do?productId=000752601,동원 양반 캔볶음김치,,,확인필요,,,캔,,False,False,True
동원 양반 소고기 미역국 460g (1~2인분) x 5개,국/탕/찌개,즉석조리식품,간편식사,19300,4.9,54,460,5,2300,83.91,3566071,https://www.dongwonmall.com/product/detail.do?productId=003566071,동원 양반 소고기 미역국,즉석국/탕,국/탕,확인필요,전자레인지,식사대용,파우치,,False,False,True
동원 양반 밤단팥죽 285g,죽/스프,즉석조리식품,간편식사,2200,4.9,54,285,1,285,77.19,578082,https://www.dongwonmall.com/product/detail.do?productId=000578082,동원 양반 밤단팥죽,죽류,레토르트죽,"단팥, 밤",전자레인지,식사대용,파우치,,False,False,True
동원 고등어 300g x 3캔,고등어/꽁치통조림,통조림,반찬,6900,4.8,54,300,3,900,76.67,1479736,https://www.dongwonmall.com/product/detail.do?productId=001479736,동원 고등어,,,확인필요,,,캔,,False,False,True
동원 양반 전복죽 420g,죽/스프,즉석조리식품,간편식사,3400,4.9,53,420,1,420,80.95,1073666,https://www.dongwonmall.com/product/detail.do?productId=001073666,동원 양반 전복죽,죽류,레토르트죽,"해물, 전복",전자레인지,식사대용,캔,,False,False,True
동원 미니파인애플 234g x 24캔(1박스),과일/옥수수/팥,통조림,간식/요리재료,37000,5.0,53,234,24,5616,65.88,3619069,https://www.dongwonmall.com/product/detail.do?productId=003619069,동원 미니파인애플,,,확인필요,,,캔,,False,False,True
동원참치 콘참치 85g x 10캔,참치/연어통조림,통조림,반찬/주재료,16600,5.0,52,85,10,850,195.29,1006009,https://www.dongwonmall.com/product/detail.do?productId=001006009,동원참치 콘참치,참치/통조림,플레이크형,확인필요,즉석,반찬,캔,,False,False,True
동원 꽁치 230g x 6캔,고등어/꽁치통조림,통조림,반찬,18600,4.9,52,230,6,1380,134.78,1358852,https://www.dongwonmall.com/product/detail.do?productId=001358852,동원 꽁치,,,꽁치,,,캔,,False,False,True
동원 양반 수라 한우사골설렁탕 460g (1~2인분) x 3개,국/탕/찌개,즉석조리식품,간편식사,15000,4.9,50,460,3,1380,108.7,3565897,https://www.dongwonmall.com/product/detail.do?productId=003565897,동원 양반 수라 한우사골설렁탕,즉석국/탕,국/탕,한우사골,전자레인지,식사대용,파우치,,False,False,True
동원 양반 버섯 야채죽 420g x 4개,죽/스프,즉석조리식품,간편식사,10900,4.9,50,420,4,1680,64.88,3565771,https://www.dongwonmall.com/product/detail.do?productId=003565771,동원 양반 버섯 야채죽,죽류,레토르트죽,야채,전자레인지,식사대용,파우치,,False,False,True
동원 양반 수라 차돌육개장 460g (1~2인분) x 3개,국/탕/찌개,즉석조리식품,간편식사,15000,4.9,49,460,3,1380,108.7,1479786,https://www.dongwonmall.com/product/detail.do?productId=001479786,동원 양반 수라 차돌육개장,,,확인필요,,,,,False,False,True
동원 양반 백합죽 420g x 10개,죽/스프,즉석조리식품,간편식사,23900,5.0,49,420,10,4200,56.9,3565767,https://www.dongwonmall.com/product/detail.do?productId=003565767,동원 양반 백합죽,죽류,레토르트죽,확인필요,전자레인지,식사대용,파우치,,False,False,True
동원참치 매운고추참치 150g,참치/연어통조림,통조림,반찬/주재료,2800,5.0,48,150,1,150,186.67,419244,https://www.dongwonmall.com/product/detail.do?productId=000419244,동원참치 매운고추참치,참치/통조림,플레이크형,스파이시(고추소스),즉석,반찬,캔,,False,False,True
동원 초밥의달인 큰사각유부초밥 378g x 2개,아이반찬,반찬,반찬,11900,5.0,48,378,2,756,157.41,1421902,https://www.dongwonmall.com/product/detail.do?productId=001421902,동원 초밥의달인 큰사각유부초밥,,,확인필요,,,,,False,False,True
동원 양반 야채죽 287g,죽/스프,즉석조리식품,간편식사,2100,4.9,48,287,1,287,73.17,2223,https://www.dongwonmall.com/product/detail.do?productId=000002223,동원 양반 야채죽,죽류,레토르트죽,야채,전자레인지,식사대용,캔,,False,False,True
동원참치 고추참치 250g x 20캔,참치/연어통조림,통조림,반찬/주재료,66000,5.0,47,250,20,5000,132.0,3667799,https://www.dongwonmall.com/product/detail.do?productId=003667799,동원참치 고추참치,참치/통조림,플레이크형,스파이시(고추소스),즉석,반찬,캔,매콤하다; 맛있다; 간편,False,False,True
[4%적립금] 동원 복숭아 백도 400g x 24개(1박스),과일/옥수수/팥,통조림,간식/요리재료,48000,5.0,47,400,24,9600,50.0,3687755,https://www.dongwonmall.com/product/detail.do?productId=003687755,동원 복숭아 백도,,,확인필요,,,,,False,False,True
[특가] 동원 자연산왕골뱅이 400g x 4캔,골뱅이/수산통조림,통조림,안주/반찬,33400,4.9,46,400,4,1600,208.75,3704081,https://www.dongwonmall.com/product/detail.do?productId=003704081,동원 자연산왕골뱅이,수산가공/통조림,슬라이스형,골뱅이,즉석,식재료,캔,,False,False,True
동원참치 김치찌개용 150g x 5캔,참치/연어통조림,통조림,반찬/주재료,13500,5.0,46,150,5,750,180.0,2628,https://www.dongwonmall.com/product/detail.do?productId=000002628,동원참치 김치찌개용,즉석국/탕,국/탕,확인필요,전자레인지,식사대용,캔,,False,False,True
동원 고등어 300g x 5캔,고등어/꽁치통조림,통조림,반찬,11500,4.9,46,300,5,1500,76.67,1358839,https://www.dongwonmall.com/product/detail.do?productId=001358839,동원 고등어,,,확인필요,,,캔,,False,False,True
동원 양반 참치죽 285g x 4개,죽/스프,즉석조리식품,간편식사,7200,4.8,46,285,4,1140,63.16,3565324,https://www.dongwonmall.com/product/detail.do?productId=003565324,동원 양반 참치죽,죽류,레토르트죽,확인필요,전자레인지,식사대용,캔,,False,False,True
동원 고등어 400g x 5캔,고등어/꽁치통조림,통조림,반찬,12000,4.8,46,400,5,2000,60.0,1479738,https://www.dongwonmall.com/product/detail.do?productId=001479738,동원 고등어,,,확인필요,,,캔,,False,False,True
동원참치 동원맛참 고소참기름 135g x 10캔,참치/연어통조림,통조림,반찬/주재료,25000,5.0,45,135,10,1350,185.19,3646914,https://www.dongwonmall.com/product/detail.do?productId=003646914,동원참치 동원맛참 고소참기름,참치/통조림,플레이크형,확인필요,즉석,반찬,캔,,False,False,True
동원참치 김치찌개용 150g x 3캔,참치/연어통조림,통조림,반찬/주재료,8200,5.0,45,150,3,450,182.22,1479471,https://www.dongwonmall.com/product/detail.do?productId=001479471,동원참치 김치찌개용,즉석국/탕,국/탕,확인필요,전자레인지,식사대용,캔,,False,False,True
동원 양반 밤단팥죽 420g,죽/스프,즉석조리식품,간편식사,3200,4.9,45,420,1,420,76.19,1073679,https://www.dongwonmall.com/product/detail.do?productId=001073679,동원 양반 밤단팥죽,죽류,레토르트죽,"단팥, 밤",전자레인지,식사대용,파우치,,False,False,True
동원 지중해 황도 복숭아 820g,과일/옥수수/팥,통조림,간식/요리재료,3700,4.9,45,820,1,820,45.12,456624,https://www.dongwonmall.com/product/detail.do?productId=000456624,동원 지중해 황도 복숭아,,,확인필요,,,,,False,False,True
동원참치 뽀로로 키즈 100g x 10캔,참치/연어통조림,통조림,반찬/주재료,21000,4.9,44,100,10,1000,210.0,3565333,https://www.dongwonmall.com/product/detail.do?productId=003565333,동원참치 뽀로로 키즈,참치/통조림,플레이크형,확인필요,즉석,반찬,캔,,False,False,True
동원 양반 캔김치 160g x 10캔,반찬/기타통조림,반찬,반찬,18500,4.6,44,160,10,1600,115.62,645257,https://www.dongwonmall.com/product/detail.do?productId=000645257,동원 양반 캔김치,,,확인필요,,,캔,,False,False,True
동원 양반 수라 부대찌개 460g (1~2인분) x 5개,국/탕/찌개,즉석조리식품,간편식사,24000,4.8,44,460,5,2300,104.35,1478665,https://www.dongwonmall.com/product/detail.do?productId=001478665,동원 양반 수라 부대찌개,즉석국/탕,국/탕,확인필요,전자레인지,식사대용,파우치,,False,False,True
동원 복숭아 백도 400g x 3캔,과일/옥수수/팥,통조림,간식/요리재료,8400,4.8,44,400,3,1200,70.0,1479850,https://www.dongwonmall.com/product/detail.do?productId=001479850,동원 복숭아 백도,,,확인필요,,,캔,,False,False,True
동원 떡볶이의신 고소한치즈 컵떡볶이 160g,떡볶이/떡류,떡류,간식,2700,4.7,42,160,1,160,168.75,1019698,https://www.dongwonmall.com/product/detail.do?productId=001019698,동원 떡볶이의신 고소한치즈 컵떡볶이,,,치즈,,,용기/트레이,,False,False,True
동원참치 매운고추참치 150g x 3캔,참치/연어통조림,통조림,반찬/주재료,8200,5.0,41,150,3,450,182.22,1479466,https://www.dongwonmall.com/product/detail.do?productId=001479466,동원참치 매운고추참치,참치/통조림,플레이크형,스파이시(고추소스),즉석,반찬,캔,,False,False,True
동원 양반 백합우거지된장국 460g (1~2인분),국/탕/찌개,즉석조리식품,간편식사,4300,4.8,41,460,1,460,93.48,1312566,https://www.dongwonmall.com/product/detail.do?productId=001312566,동원 양반 백합우거지된장국,즉석국/탕,국/탕,확인필요,전자레인지,식사대용,파우치,,False,False,True
동원 양반 백합 미역국 460g (1~2인분) x 5개,국/탕/찌개,즉석조리식품,간편식사,19300,4.8,41,460,5,2300,83.91,3566162,https://www.dongwonmall.com/product/detail.do?productId=003566162,동원 양반 백합 미역국,즉석국/탕,국/탕,확인필요,전자레인지,식사대용,파우치,,False,False,True
동원 양반 진국 소고기무국 460g (1~2인분) x 3개,국/탕/찌개,즉석조리식품,간편식사,12000,4.7,41,460,3,1380,86.96,3566166,https://www.dongwonmall.com/product/detail.do?productId=003566166,동원 양반 진국 소고기무국,즉석국/탕,국/탕,확인필요,전자레인지,식사대용,파우치,,False,False,True
동원 꽁치 230g x 3캔,고등어/꽁치통조림,통조림,반찬,9900,4.9,40,230,3,690,143.48,1479730,https://www.dongwonmall.com/product/detail.do?productId=001479730,동원 꽁치,,,꽁치,,,캔,,False,False,True
동원 양반 진국 사골곰탕 300g (1인분) x 20개,국/탕/찌개,즉석조리식품,간편식사,22900,4.9,40,300,20,6000,38.17,1358914,https://www.dongwonmall.com/product/detail.do?productId=001358914,동원 양반 진국 사골곰탕,즉석국/탕,국/탕,한우사골,전자레인지,식사대용,파우치,,False,False,True
동원 자연산골뱅이 230g x 10캔,골뱅이/수산통조림,통조림,안주/반찬,52800,5.0,39,230,10,2300,229.57,3689644,https://www.dongwonmall.com/product/detail.do?productId=003689644,동원 자연산골뱅이,수산가공/통조림,슬라이스형,골뱅이,즉석,식재료,캔,,False,False,True
동원참치 DHA 150g x 10캔,참치/연어통조림,통조림,반찬/주재료,27000,4.8,39,150,10,1500,180.0,522364,https://www.dongwonmall.com/product/detail.do?productId=000522364,동원참치 DHA,참치/통조림,플레이크형,확인필요,즉석,반찬,캔,,False,False,True
동원참치 매운고추참치 150g x 5캔,참치/연어통조림,통조림,반찬/주재료,13500,5.0,39,150,5,750,180.0,453384,https://www.dongwonmall.com/product/detail.do?productId=000453384,동원참치 매운고추참치,참치/통조림,플레이크형,스파이시(고추소스),즉석,반찬,캔,,False,False,True
동원 양반 캔볶음김치 160g x 5캔,반찬/기타통조림,반찬,반찬,9500,4.9,39,160,5,800,118.75,3565789,https://www.dongwonmall.com/product/detail.do?productId=003565789,동원 양반 캔볶음김치,,,확인필요,,,캔,,False,False,True
동원 양반 전통잣죽 285g x 4개,죽/스프,즉석조리식품,간편식사,8600,4.8,39,285,4,1140,75.44,3565337,https://www.dongwonmall.com/product/detail.do?productId=003565337,동원 양반 전통잣죽,죽류,레토르트죽,확인필요,전자레인지,식사대용,캔,,False,False,True
동원 마일드참치 150g,참치/연어통조림,통조림,반찬/주재료,2800,4.9,38,150,1,150,186.67,2161,https://www.dongwonmall.com/product/detail.do?productId=000002161,동원 마일드참치,참치/통조림,플레이크형,마일드,즉석,반찬,캔,,False,False,True
동원참치 DHA 250g,참치/연어통조림,통조림,반찬/주재료,3900,4.9,38,250,1,250,156.0,2159,https://www.dongwonmall.com/product/detail.do?productId=000002159,동원참치 DHA,참치/통조림,플레이크형,확인필요,즉석,반찬,캔,,False,False,True
동원참치 고추참치 250g x 5캔,참치/연어통조림,통조림,반찬/주재료,17800,5.0,38,250,5,1250,142.4,1479515,https://www.dongwonmall.com/product/detail.do?productId=001479515,동원참치 고추참치,참치/통조림,플레이크형,스파이시(고추소스),즉석,반찬,캔,매콤하다; 맛있다; 간편,False,False,True
동원 양반 백합우거지된장국 460g (1~2인분) x 5개,국/탕/찌개,즉석조리식품,간편식사,19300,4.7,38,460,5,2300,83.91,3566198,https://www.dongwonmall.com/product/detail.do?productId=003566198,동원 양반 백합우거지된장국,즉석국/탕,국/탕,확인필요,전자레인지,식사대용,파우치,,False,False,True
동원 지중해 황도 복숭아 820g x 12캔(1박스),과일/옥수수/팥,통조림,간식/요리재료,42000,4.9,38,820,12,9840,42.68,3618533,https://www.dongwonmall.com/product/detail.do?productId=003618533,동원 지중해 황도 복숭아,,,확인필요,,,캔,,False,False,True
동원참치 김치찌개용 250g x 3캔,참치/연어통조림,통조림,반찬/주재료,11550,4.9,37,250,3,750,154.0,1479472,https://www.dongwonmall.com/product/detail.do?productId=001479472,동원참치 김치찌개용,즉석국/탕,국/탕,확인필요,전자레인지,식사대용,캔,,False,False,True
동원참치 김치찌개용 250g x 20캔,참치/연어통조림,통조림,반찬/주재료,65990,4.9,37,250,20,5000,131.98,3667755,https://www.dongwonmall.com/product/detail.do?productId=003667755,동원참치 김치찌개용,즉석국/탕,국/탕,확인필요,전자레인지,식사대용,캔,,False,False,True
동원 리챔 340g x 3캔,햄/닭가슴살,가공육,반찬/주재료,12900,5.0,37,340,3,1020,126.47,11185,https://www.dongwonmall.com/product/detail.do?productId=000011185,동원 리챔,햄/통조림,블록형,"돼지고기, 소고기 (햄)",조리 필요,반찬,캔,부드럽다; 짠맛; 낮음; 맛있다,False,False,True
동원 양반 수라 한우사골설렁탕 460g (1~2인분),국/탕/찌개,즉석조리식품,간편식사,5500,4.8,37,460,1,460,119.57,1492995,https://www.dongwonmall.com/product/detail.do?productId=001492995,동원 양반 수라 한우사골설렁탕,즉석국/탕,국/탕,한우사골,전자레인지,식사대용,파우치,,False,False,True
동원 번데기 130gx3캔,골뱅이/수산통조림,통조림,안주/반찬,4200,4.9,37,130,3,390,107.69,3702277,https://www.dongwonmall.com/product/detail.do?productId=003702277,동원 번데기,,,확인필요,,,캔,,False,False,True
동원 양반 백합죽 420g x 4개,죽/스프,즉석조리식품,간편식사,11900,5.0,37,420,4,1680,70.83,1479684,https://www.dongwonmall.com/product/detail.do?productId=001479684,동원 양반 백합죽,죽류,레토르트죽,확인필요,전자레인지,식사대용,파우치,,False,False,True
동원 떡볶이의신 매콤달콤 컵떡볶이 160g,떡볶이/떡류,떡류,간식,2700,5.0,36,160,1,160,168.75,1019829,https://www.dongwonmall.com/product/detail.do?productId=001019829,동원 떡볶이의신 매콤달콤 컵떡볶이,,,스파이시(고추소스),,,용기/트레이,,False,False,True
동원 리챔 더블라이트 120g x 20캔,햄/닭가슴살,가공육,반찬/주재료,38000,4.9,36,120,20,2400,158.33,3581327,https://www.dongwonmall.com/product/detail.do?productId=003581327,동원 리챔 더블라이트,햄/통조림,블록형,"돼지고기, 소고기 (햄)",조리 필요,반찬,캔,,False,False,True
[4%적립금] 동원참치 라이트스탠다드 250g x 36개(1박스),참치/연어통조림,통조림,반찬/주재료,115000,4.9,36,250,36,9000,127.78,1479440,https://www.dongwonmall.com/product/detail.do?productId=001479440,동원참치 라이트스탠다드,참치/통조림,플레이크형,확인필요,즉석,반찬,캔,,False,False,True
동원 양반 버섯 야채죽 420g,죽/스프,즉석조리식품,간편식사,3200,4.9,36,420,1,420,76.19,1332342,https://www.dongwonmall.com/product/detail.do?productId=001332342,동원 양반 버섯 야채죽,죽류,레토르트죽,야채,전자레인지,식사대용,파우치,,False,False,True
동원참치 동원맛참 매콤참기름 135g,참치/연어통조림,통조림,반찬/주재료,2500,5.0,35,135,1,135,185.19,3646917,https://www.dongwonmall.com/product/detail.do?productId=003646917,동원참치 동원맛참 매콤참기름,참치/통조림,플레이크형,스파이시(고추소스),즉석,반찬,캔,,False,False,True
동원 양반 참치죽 287g x 12개,죽/스프,즉석조리식품,간편식사,19900,5.0,35,287,12,3444,57.78,1423942,https://www.dongwonmall.com/product/detail.do?productId=001423942,동원 양반 참치죽,죽류,레토르트죽,확인필요,전자레인지,식사대용,캔,,False,False,True
동원 초밥의달인 롤유부초밥(고소한맛) 254g,아이반찬,반찬,반찬,5200,4.8,34,254,1,254,204.72,1414910,https://www.dongwonmall.com/product/detail.do?productId=001414910,동원 초밥의달인 롤유부초밥,,,확인필요,,,,,False,False,True
동원참치 김치찌개용 150g,참치/연어통조림,통조림,반찬/주재료,2800,4.9,34,150,1,150,186.67,2176,https://www.dongwonmall.com/product/detail.do?productId=000002176,동원참치 김치찌개용,즉석국/탕,국/탕,확인필요,전자레인지,식사대용,파우치,,False,False,True
동원홈푸드 비비드키친 저칼로리비빔장 280g,기타양념,양념,조미료,3980,4.9,34,280,1,280,142.14,1405961,https://www.dongwonmall.com/product/detail.do?productId=001405961,동원홈푸드 비비드키친 저칼로리비빔장,,,확인필요,,,,,False,False,True
동원 미니파인애플 234g x 3캔,과일/옥수수/팥,통조림,간식/요리재료,5700,4.9,34,234,3,702,81.2,1478569,https://www.dongwonmall.com/product/detail.do?productId=001478569,동원 미니파인애플,,,확인필요,,,캔,,False,False,True
동원 양반 전복죽 420g x 20개,죽/스프,즉석조리식품,간편식사,51000,4.9,34,420,20,8400,60.71,3645639,https://www.dongwonmall.com/product/detail.do?productId=003645639,동원 양반 전복죽,죽류,레토르트죽,"해물, 전복",전자레인지,식사대용,캔,,False,False,True
동원 화끈한골뱅이 140g x 10캔,골뱅이/수산통조림,통조림,안주/반찬,32800,4.8,33,140,10,1400,234.29,524325,https://www.dongwonmall.com/product/detail.do?productId=000524325,동원 화끈한골뱅이,수산가공/통조림,,"해물, 골뱅이",즉석,식재료,캔,,False,False,True
동원 자연산골뱅이 300g x 5캔,골뱅이/수산통조림,통조림,안주/반찬,33400,4.8,33,300,5,1500,222.67,3600795,https://www.dongwonmall.com/product/detail.do?productId=003600795,동원 자연산골뱅이,수산가공/통조림,,"해물, 골뱅이",즉석,식재료,캔,,False,False,True
동원 떡볶이의신 매콤달콤 컵떡볶이 160g x 5개,떡볶이/떡류,떡류,간식,12500,4.7,33,160,5,800,156.25,1244323,https://www.dongwonmall.com/product/detail.do?productId=001244323,동원 떡볶이의신 매콤달콤 컵떡볶이,,,스파이시(고추소스),,,용기/트레이,,False,False,True
동원 양반 수라 차돌육개장 460g (1~2인분),국/탕/찌개,즉석조리식품,간편식사,5500,4.7,33,460,1,460,119.57,1312592,https://www.dongwonmall.com/product/detail.do?productId=001312592,동원 양반 수라 차돌육개장,,,확인필요,,,,,False,False,True
동원 런천미트 200g,햄/닭가슴살,가공육,반찬/주재료,2500,5.0,33,200,1,200,125.0,2233,https://www.dongwonmall.com/product/detail.do?productId=000002233,동원 런천미트,햄/통조림,블록형,확인필요,조리 필요,반찬,캔,,False,False,True
동원 자연산꽁치 400g x 9캔,고등어/꽁치통조림,통조림,반찬,35100,4.9,33,400,9,3600,97.5,3569049,https://www.dongwonmall.com/product/detail.do?productId=003569049,동원 자연산꽁치,수산가공/통조림,,"해물, 꽁치",즉석,식재료,캔,,False,False,True
동원 양반 캔볶음김치 160g x 20캔,반찬/기타통조림,반찬,반찬,36600,5.0,32,160,20,3200,114.38,3565791,https://www.dongwonmall.com/product/detail.do?productId=003565791,동원 양반 캔볶음김치,,,확인필요,,,캔,,False,False,True
동원 한입골뱅이 400g x 10캔,골뱅이/수산통조림,통조림,안주/반찬,84800,5.0,31,400,10,4000,212.0,3601038,https://www.dongwonmall.com/product/detail.do?productId=003601038,동원 한입골뱅이,수산가공/통조림,,"해물, 골뱅이",즉석,식재료,캔,,False,False,True
동원 떡볶이의신 짜장떡볶이 385g (2인분),떡볶이/떡류,떡류,간식,4980,4.7,31,385,1,385,129.35,901966,https://www.dongwonmall.com/product/detail.do?productId=000901966,동원 떡볶이의신 짜장떡볶이,,,확인필요,,,,,False,False,True
동원 양반 야채죽 287g x 12개,죽/스프,즉석조리식품,간편식사,19900,5.0,31,287,12,3444,57.78,1478716,https://www.dongwonmall.com/product/detail.do?productId=001478716,동원 양반 야채죽,죽류,레토르트죽,야채,전자레인지,식사대용,캔,,False,False,True
동원 자연산골뱅이 230g x 3캔,골뱅이/수산통조림,통조림,안주/반찬,17940,5.0,30,230,3,690,260.0,1479755,https://www.dongwonmall.com/product/detail.do?productId=001479755,동원 자연산골뱅이,수산가공/통조림,,"해물, 골뱅이",즉석,식재료,캔,,False,False,True
동원참치 DHA 150g,참치/연어통조림,통조림,반찬/주재료,2800,5.0,30,150,1,150,186.67,2158,https://www.dongwonmall.com/product/detail.do?productId=000002158,동원참치 DHA,참치/통조림,플레이크형,확인필요,즉석,반찬,캔,,False,False,True
동원참치 김치찌개용 150g x 20캔,참치/연어통조림,통조림,반찬/주재료,50000,5.0,30,150,20,3000,166.67,3667788,https://www.dongwonmall.com/product/detail.do?productId=003667788,동원참치 김치찌개용,즉석국/탕,국/탕,확인필요,전자레인지,식사대용,캔,,False,False,True
동원 저스트 노슈가 황도 슬라이스 400g,과일/옥수수/팥,통조림,간식/요리재료,2580,4.6,30,400,1,400,64.5,3691022,https://www.dongwonmall.com/product/detail.do?productId=003691022,동원 저스트 노슈가 황도 슬라이스,,슬라이스형,확인필요,,,캔,,False,False,True
동원 화끈한 골뱅이 400g,골뱅이/수산통조림,통조림,안주/반찬,9280,4.9,29,400,1,400,232.0,105940,https://www.dongwonmall.com/product/detail.do?productId=000105940,동원 화끈한 골뱅이,수산가공/통조림,,"해물, 골뱅이",즉석,식재료,캔,,False,False,True
동원 김치찌개용 꽁치 300g x 3캔,고등어/꽁치통조림,통조림,반찬,12600,4.7,29,300,3,900,140.0,3568982,https://www.dongwonmall.com/product/detail.do?productId=003568982,동원 김치찌개용 꽁치,즉석국/탕,국/탕,"해물, 꽁치",전자레인지,식사대용,캔,,False,False,True
동원 양반 나주식 곰탕 460g (1~2인분) x 20개,국/탕/찌개,즉석조리식품,간편식사,38000,5.0,29,460,20,9200,41.3,3566146,https://www.dongwonmall.com/product/detail.do?productId=003566146,동원 양반 나주식 곰탕,즉석국/탕,국/탕,확인필요,전자레인지,식사대용,파우치,,False,False,True
동원 양반 들깨닭죽 420g,죽/스프,즉석조리식품,간편식사,3400,4.7,29,420,1,420,80.95,1212830,https://www.dongwonmall.com/product/detail.do?productId=001212830,동원 양반 들깨닭죽,죽류,레토르트죽,확인필요,전자레인지,식사대용,파우치,,False,False,True
동원 양반 들깨닭죽 420g x 10개,죽/스프,즉석조리식품,간편식사,28900,4.9,29,420,10,4200,68.81,3565765,https://www.dongwonmall.com/product/detail.do?productId=003565765,동원 양반 들깨닭죽,죽류,레토르트죽,확인필요,전자레인지,식사대용,파우치,,False,False,True
동원참치 동원맛참 매콤참기름 135g x 10캔,참치/연어통조림,통조림,반찬/주재료,25000,4.9,28,135,10,1350,185.19,3646918,https://www.dongwonmall.com/product/detail.do?productId=003646918,동원참치 동원맛참 매콤참기름,참치/통조림,플레이크형,스파이시(고추소스),즉석,반찬,캔,,False,False,True
동원 꽁치 230g,고등어/꽁치통조림,통조림,반찬,4000,4.9,28,230,1,230,173.91,1379285,https://www.dongwonmall.com/product/detail.do?productId=001379285,동원 꽁치,수산가공/통조림,,"해물, 꽁치",즉석,식재료,캔,,False,False,True
동원참치 고추참치 250g x 3캔,참치/연어통조림,통조림,반찬/주재료,10800,4.9,28,250,3,750,144.0,1479516,https://www.dongwonmall.com/product/detail.do?productId=001479516,동원참치 고추참치,참치/통조림,플레이크형,스파이시(고추소스),즉석,반찬,캔,,False,False,True
동원참치 DHA 250g x 15캔,참치/연어통조림,통조림,반찬/주재료,49500,5.0,28,250,15,3750,132.0,3605654,https://www.dongwonmall.com/product/detail.do?productId=003605654,동원참치 DHA,참치/통조림,플레이크형,확인필요,즉석,반찬,캔,,False,False,True
동원 양반 진국 사골곰탕 500g (1~2인분) x 3개,국/탕/찌개,즉석조리식품,간편식사,4450,5.0,28,500,3,1500,29.67,3566227,https://www.dongwonmall.com/product/detail.do?productId=003566227,동원 양반 진국 사골곰탕,즉석국/탕,국/탕,한우사골,전자레인지,식사대용,파우치,,False,False,True
동원 양반 참치죽 287g,죽/스프,즉석조리식품,간편식사,2100,5.0,28,287,1,287,73.17,578078,https://www.dongwonmall.com/product/detail.do?productId=000578078,동원 양반 참치죽,죽류,레토르트죽,확인필요,전자레인지,식사대용,캔,,False,False,True
동원 저스트 노슈가 파인애플 425g,과일/옥수수/팥,통조림,간식/요리재료,2980,4.8,28,425,1,425,70.12,3730301,https://www.dongwonmall.com/product/detail.do?productId=003730301,동원 저스트 노슈가 파인애플,,,확인필요,,,,,False,False,True
동원참치 콘참치 85g,참치/연어통조림,통조림,반찬/주재료,1800,5.0,27,85,1,85,211.76,1005850,https://www.dongwonmall.com/product/detail.do?productId=001005850,동원참치 콘참치,참치/통조림,플레이크형,확인필요,즉석,반찬,캔,,False,False,True
동원 떡볶이의신 더매운 컵떡볶이 160g,떡볶이/떡류,떡류,간식,2700,4.7,27,160,1,160,168.75,1019792,https://www.dongwonmall.com/product/detail.do?productId=001019792,동원 떡볶이의신 더매운 컵떡볶이,,,확인필요,,,용기/트레이,,False,False,True
동원 런천미트 340g,햄/닭가슴살,가공육,반찬/주재료,3500,4.9,27,340,1,340,102.94,2234,https://www.dongwonmall.com/product/detail.do?productId=000002234,동원 런천미트,햄/통조림,블록형,확인필요,조리 필요,반찬,캔,,False,False,True
동원 화끈한골뱅이 140g,골뱅이/수산통조림,통조림,안주/반찬,3300,4.9,26,140,1,140,235.71,105960,https://www.dongwonmall.com/product/detail.do?productId=000105960,동원 화끈한골뱅이,수산가공/통조림,,"해물, 골뱅이",즉석,식재료,캔,,False,False,True
동원 자연산왕골뱅이 400g x 5캔,골뱅이/수산통조림,통조림,안주/반찬,43900,5.0,26,400,5,2000,219.5,3600754,https://www.dongwonmall.com/product/detail.do?productId=003600754,동원 자연산왕골뱅이,수산가공/통조림,,"해물, 골뱅이",즉석,식재료,캔,,False,False,True
동원참치 매운고추참치 150g x 20캔,참치/연어통조림,통조림,반찬/주재료,50000,5.0,26,150,20,3000,166.67,3667746,https://www.dongwonmall.com/product/detail.do?productId=003667746,동원참치 매운고추참치,참치/통조림,플레이크형,스파이시(고추소스),즉석,반찬,캔,,False,False,True
동원 자연산왕골뱅이 400g x 10캔,골뱅이/수산통조림,통조림,안주/반찬,84800,5.0,25,400,10,4000,212.0,3600755,https://www.dongwonmall.com/product/detail.do?productId=003600755,동원 자연산왕골뱅이,수산가공/통조림,,"해물, 골뱅이",즉석,식재료,캔,,False,False,True
동원참치 루피는 참치마요 100g x 10캔,참치/연어통조림,통조림,반찬/주재료,20000,4.9,25,100,10,1000,200.0,3569158,https://www.dongwonmall.com/product/detail.do?productId=003569158,동원참치 루피는 참치마요,참치/통조림,플레이크형,확인필요,즉석,반찬,캔,,False,False,True
동원참치 포도씨유 150g,참치/연어통조림,통조림,반찬/주재료,2800,4.9,25,150,1,150,186.67,2168,https://www.dongwonmall.com/product/detail.do?productId=000002168,동원참치 포도씨유,참치/통조림,플레이크형,확인필요,즉석,반찬,캔,,False,False,True
동원 양반 진국사골곰탕 300g (1인분),국/탕/찌개,즉석조리식품,간편식사,1500,5.0,25,300,1,300,50.0,1479728,https://www.dongwonmall.com/product/detail.do?productId=001479728,동원 양반 진국사골곰탕,즉석국/탕,국/탕,한우사골,전자레인지,식사대용,파우치,,False,False,True
[4%적립금] 동원 자연산골뱅이 230g x 24캔(1박스),골뱅이/수산통조림,통조림,안주/반찬,109000,5.0,24,230,24,5520,197.46,3698224,https://www.dongwonmall.com/product/detail.do?productId=003698224,동원 자연산골뱅이,수산가공/통조림,,"해물, 골뱅이",즉석,식재료,캔,,False,False,True
동원맛참 마요참기름 135gX5캔,참치/연어통조림,통조림,반찬/주재료,12000,4.9,24,135,5,675,177.78,3844362,https://www.dongwonmall.com/product/detail.do?productId=003844362,동원맛참 마요참기름,,,확인필요,,,캔,,False,False,True
동원 리챔 더블라이트 200g x 3캔,햄/닭가슴살,가공육,반찬/주재료,8900,4.9,24,200,3,600,148.33,1479635,https://www.dongwonmall.com/product/detail.do?productId=001479635,동원 리챔 더블라이트,햄/통조림,블록형,확인필요,조리 필요,반찬,캔,,False,False,True
동원 양반 수라 도가니설렁탕 460g (1~2인분) x 3개,국/탕/찌개,즉석조리식품,간편식사,14600,4.9,24,460,3,1380,105.8,3623148,https://www.dongwonmall.com/product/detail.do?productId=003623148,동원 양반 수라 도가니설렁탕,즉석국/탕,국/탕,확인필요,전자레인지,식사대용,파우치,,False,False,True
동원 초밥의달인 롤유부초밥(새콤한맛) 254g,아이반찬,반찬,반찬,5200,4.8,23,254,1,254,204.72,1414907,https://www.dongwonmall.com/product/detail.do?productId=001414907,동원 초밥의달인 롤유부초밥,,,확인필요,,,,,False,False,True
동원참치 동원맛참 고소참기름 135g,참치/연어통조림,통조림,반찬/주재료,2500,4.9,23,135,1,135,185.19,3646912,https://www.dongwonmall.com/product/detail.do?productId=003646912,동원참치 동원맛참 고소참기름,참치/통조림,플레이크형,확인필요,즉석,반찬,캔,,False,False,True
동원참치 DHA 150g x 5캔,참치/연어통조림,통조림,반찬/주재료,13500,5.0,23,150,5,750,180.0,2621,https://www.dongwonmall.com/product/detail.do?productId=000002621,동원참치 DHA,참치/통조림,플레이크형,확인필요,즉석,반찬,캔,,False,False,True
동원참치 야채참치 150g x 20캔,참치/연어통조림,통조림,반찬/주재료,50000,5.0,23,150,20,3000,166.67,3667783,https://www.dongwonmall.com/product/detail.do?productId=003667783,동원참치 야채참치,참치/통조림,플레이크형,야채,즉석,반찬,캔,,False,False,True
동원 양반 쇠고기죽 420g x 20개,죽/스프,즉석조리식품,간편식사,46900,5.0,23,420,20,8400,55.83,3645673,https://www.dongwonmall.com/product/detail.do?productId=003645673,동원 양반 쇠고기죽,죽류,레토르트죽,확인필요,전자레인지,식사대용,파우치,,False,False,True
동원 한입골뱅이 400g,골뱅이/수산통조림,통조림,안주/반찬,9280,4.9,22,400,1,400,232.0,2199,https://www.dongwonmall.com/product/detail.do?productId=000002199,동원 한입골뱅이,수산가공/통조림,,"해물, 골뱅이",즉석,식재료,캔,,False,False,True
동원참치 카레참치 90g,참치/연어통조림,통조림,반찬/주재료,2000,5.0,22,90,1,90,222.22,3688306,https://www.dongwonmall.com/product/detail.do?productId=003688306,동원참치 카레참치,참치/통조림,플레이크형,확인필요,즉석,반찬,캔,,False,False,True
동원홈푸드 비비드키친 저당 쌈장소스 300g,간장/고추장/된장/쌈장,장류,조미료,5480,5.0,22,300,1,300,182.67,3738603,https://www.dongwonmall.com/product/detail.do?productId=003738603,동원홈푸드 비비드키친 저당 쌈장소스,소스/조미료,,확인필요,,,,,False,False,True
[10%적립]동원 리챔 순닭가슴살 135g x 16개,햄/닭가슴살,가공육,반찬/주재료,33900,4.9,22,135,16,2160,156.94,3688581,https://www.dongwonmall.com/product/detail.do?productId=003688581,동원 리챔 순닭가슴살,햄/통조림,블록형,확인필요,조리 필요,반찬,캔,,False,False,True
[4%적립금] 동원참치 DHA 250g x 36개(1박스),참치/연어통조림,통조림,반찬/주재료,115000,5.0,22,250,36,9000,127.78,522424,https://www.dongwonmall.com/product/detail.do?productId=000522424,동원참치 DHA,참치/통조림,플레이크형,확인필요,즉석,반찬,캔,,False,False,True
동원 양반 수라 통다리 삼계탕 460g (1~2인분),국/탕/찌개,즉석조리식품,간편식사,5980,5.0,22,460,1,460,130.0,1395118,https://www.dongwonmall.com/product/detail.do?productId=001395118,동원 양반 수라 통다리 삼계탕,즉석국/탕,국/탕,확인필요,전자레인지,식사대용,파우치,,False,False,True
동원 양반 참치죽 420g,죽/스프,즉석조리식품,간편식사,3200,4.8,22,420,1,420,76.19,1332334,https://www.dongwonmall.com/product/detail.do?productId=001332334,동원 양반 참치죽,죽류,레토르트죽,확인필요,전자레인지,식사대용,캔,,False,False,True
동원 을지로골뱅이 & 진미채 300g / 특제간장소스,골뱅이/수산통조림,통조림,안주/반찬,6980,5.0,21,300,1,300,232.67,1245823,https://www.dongwonmall.com/product/detail.do?productId=001245823,동원 을지로골뱅이 & 진미채 특제간장소스,수산가공/통조림,,"해물, 골뱅이",즉석,식재료,캔,,False,False,True
동원 자연산골뱅이 300g x 3캔,골뱅이/수산통조림,통조림,안주/반찬,19800,4.9,21,300,3,900,220.0,3600794,https://www.dongwonmall.com/product/detail.do?productId=003600794,동원 자연산골뱅이,수산가공/통조림,,"해물, 골뱅이",즉석,식재료,캔,,False,False,True
동원참치 루피는 참치마요 100g x 3캔,참치/연어통조림,통조림,반찬/주재료,5300,5.0,21,100,3,300,176.67,1577241,https://www.dongwonmall.com/product/detail.do?productId=001577241,동원참치 루피는 참치마요,참치/통조림,플레이크형,확인필요,즉석,반찬,캔,,False,False,True
동원 양반 보양 삼계탕 900g (1~2인분) x 5개,국/탕/찌개,즉석조리식품,간편식사,45500,5.0,21,900,5,4500,101.11,3566181,https://www.dongwonmall.com/product/detail.do?productId=003566181,동원 양반 보양 삼계탕,즉석국/탕,국/탕,확인필요,전자레인지,식사대용,파우치,,False,False,True
동원 양반 한우사골시래기국 460g (1~2인분) x 5개,국/탕/찌개,즉석조리식품,간편식사,19300,4.8,21,460,5,2300,83.91,3566208,https://www.dongwonmall.com/product/detail.do?productId=003566208,동원 양반 한우사골시래기국,즉석국/탕,국/탕,한우사골,전자레인지,식사대용,파우치,,False,False,True
동원 고등어 300g,고등어/꽁치통조림,통조림,반찬,2800,4.9,21,300,1,300,93.33,1379287,https://www.dongwonmall.com/product/detail.do?productId=001379287,동원 고등어,수산가공/통조림,,"해물, 고등어",즉석,식재료,캔,,False,False,True
