1차카테고리,2차카테고리,메뉴명
참치/수산,참치캔,동원참치 마이플랜트 불닭마요
참치/수산,참치캔,동원참치 마이플랜트 레드고추
참치/수산,참치캔,동원참치 마이플랜트 고소마요
참치/수산,참치캔,동원참치 마이플랜트 오리지널
참치/수산,참치캔,동원참치 마이플랜트
참치/수산,참치캔,동원참치 루피는 참치마요
참치/수산,참치캔,동원참치 살코기 인 워터
참치/수산,참치캔,동원참치 김치찌개용
참치/수산,참치캔,동웜참치 튜나페 갈릭마요
참치/수산,참치캔,동원참치 튜나페 체다치즈
참치/수산,참치캔,동원참치 튜나페 고소마요
참치/수산,참치캔,동원참치 스프레드 갈릭마요
참치/수산,참치캔,동원참치 스프레드 고소마요
참치/수산,참치캔,동원참치 스프레드 체다치즈
참치/수산,참치캔,동원 카레참치
참치/수산,참치캔,동원 짜장참치
참치/수산,참치캔,동원 불참치
참치/수산,참치캔,동원맛참 매콤참기름
참치/수산,참치캔,동원맛참 고소참기름
참치/수산,참치캔,동원 김치참치
참치/수산,참치캔,동원참치 MSC동원참치
참치/수산,참치캔,동원 매운고추참치
참치/수산,참치캔,동원EPA참치100g
참치/수산,참치캔,동원 마요참치
참치/수산,참치캔,동원 김치찌개용참치
참치/수산,참치캔,동원 고추참치
참치/수산,참치캔,동원 마일드참치
참치/수산,참치캔,동원 DHA참치
참치/수산,참치캔,동원 황다랑어 포도씨유참치
참치/수산,참치캔,동원 야채참치
참치/수산,참치캔,동원 올리브유 참치
참치/수산,참치캔,동원 라이트튜나 프리미엄
참치/수산,참치캔,동원 라이트튜나
참치/수산,참치캔,동원 뽀로로참치
참치/수산,참치캔,동원 라이트스탠다드참치
참치/수산,수산캔,동원 자연산 골뱅이탕
참치/수산,수산캔,동원 을지로 골뱅이&구운아귀채
참치/수산,수산캔,동원 을지로골뱅이&진미채
참치/수산,수산캔,을지로골뱅이
참치/수산,수산캔,동원 자연산골뱅이
참치/수산,수산캔,동원 고등어
참치/수산,수산캔,동원 꽁치
참치/수산,수산캔,동원 김치찌개용 꽁치
참치/수산,수산캔,동원 화끈한 골뱅이
축산,축산캔,동원 마이플랜트 오리지널
축산,축산캔,리챔 순살꼬꼬
축산,축산캔,리챔 더블라이트
축산,축산캔,리챔 프로틴
축산,축산캔,리챔 트러플
축산,축산캔,매운리챔
축산,축산캔,리챔 오리지널
축산,축산캔,동원 런천미트
축산,축산캔,동원 순닭가슴살
과일농산,과일농산캔,저스트 노슈가 황도 2절
과일농산,과일농산캔,저스트 노슈가 황도 슬라이스
과일농산,과일농산캔,저스트 노슈가 스위트콘
과일농산,과일농산캔,동원 백도 (2절)
과일농산,과일농산캔,동원 황도 (2절)
과일농산,과일농산캔,Dole 파인애플 원터치
과일농산,과일농산캔,Dole 후르츠칵테일
과일농산,과일농산캔,동원 황도 (슬라이스)
과일농산,과일농산캔,동원 부드러운 스위트콘
과일농산,과일농산캔,동원 지중해황도
즉석밥/죽/국탕찌개,즉석밥,양반 비빔드밥 짜장밥(포켓)
즉석밥/죽/국탕찌개,즉석밥,양반 비빔드밥 참치김치 비빔밥
즉석밥/죽/국탕찌개,즉석밥,양반 비빔드밥 불고기비빔밥(포켓)
즉석밥/죽/국탕찌개,즉석밥,양반 비빔드밥 매운참치비빔밥(컵)
즉석밥/죽/국탕찌개,즉석밥,양반 비빔드밥 불고기비빔밥(컵)
즉석밥/죽/국탕찌개,즉석밥,양반 비빔드밥 돌솥비빕밥(컵)
즉석밥/죽/국탕찌개,즉석밥,양반 오미밥
즉석밥/죽/국탕찌개,즉석밥,양반 흑미밥
즉석밥/죽/국탕찌개,즉석밥,양반 현미밥
즉석밥/죽/국탕찌개,즉석밥,양반 쌀밥
즉석밥/죽/국탕찌개,즉석밥,쎈쿡 100% 발아현미밥
즉석밥/죽/국탕찌개,즉석밥,쎈쿡 100% 현미밥
즉석밥/죽/국탕찌개,즉석밥,쎈쿡 100% 통곡물밥
즉석밥/죽/국탕찌개,죽,밤단팥죽(파우치)
즉석밥/죽/국탕찌개,죽,단호박죽(파우치)
즉석밥/죽/국탕찌개,죽,쇠고기죽(파우치)
즉석밥/죽/국탕찌개,죽,전복죽(파우치)
즉석밥/죽/국탕찌개,죽,양반 전복죽
즉석밥/죽/국탕찌개,죽,양반 쇠고기죽
즉석밥/죽/국탕찌개,죽,양반 야채죽
즉석밥/죽/국탕찌개,죽,양반 참치죽
즉석밥/죽/국탕찌개,죽,양반단호박죽
즉석밥/죽/국탕찌개,죽,양반 밤단팥죽
즉석밥/죽/국탕찌개,국탕찌개,양반 수라 차돌육개장
즉석밥/죽/국탕찌개,국탕찌개,양반 수라 한우사골설렁탕
즉석밥/죽/국탕찌개,국탕찌개,양반 수라 한우사골곰탕
즉석밥/죽/국탕찌개,국탕찌개,양반 수라 돼지고기 김치찌개
즉석밥/죽/국탕찌개,국탕찌개,양반 수라 부대찌개
즉석밥/죽/국탕찌개,국탕찌개,양반 수라 왕갈비탕
즉석밥/죽/국탕찌개,국탕찌개,양반 수라 도가니설렁탕
즉석밥/죽/국탕찌개,국탕찌개,양반 뚝배기 소고기 미역국
즉석밥/죽/국탕찌개,국탕찌개,양반 뚝배기 돼지국밥
즉석밥/죽/국탕찌개,국탕찌개,양반 뚝배기 대파 사골곰탕
즉석밥/죽/국탕찌개,국탕찌개,수라 왕갈비
즉석밥/죽/국탕찌개,국탕찌개,수라 도가니설렁탕
즉석밥/죽/국탕찌개,국탕찌개,통참치김치찌개
즉석밥/죽/국탕찌개,국탕찌개,차돌된장찌개
즉석밥/죽/국탕찌개,국탕찌개,백합미역국
즉석밥/죽/국탕찌개,국탕찌개,차돌육개장
해조류,김,양반 감태김
해조류,김,양반 초사리김
해조류,김,양반 더 바삭한 김
해조류,김,올리브김
해조류,김,참기름김
해조류,김,들기름김
김치,김치,볶음갓김치(파우치)
김치,김치,볶음김치(파우치)
김치,김치,양반 캔 갓김치
김치,김치,양반 캔볶음김치
김치,김치,산지양반 깍두기
김치,김치,산지양반 갓김치
김치,김치,산지양반 총각김치
김치,김치,산지양반 묵은지
김치,김치,산지양반 남도식포기김치
김치,김치,산지양반 포기김치
김치,김치,파김치(트레이)
김치,김치,갓김치(트레이)
김치,김치,포기김치(트레이)
김치,김치,양반 캔김치
음료/샘물,샘물,동원샘물 18.9L
음료/샘물,샘물,동원샘물 [대형/18.9L)
음료/샘물,샘물,동원샘물 13L
음료/샘물,샘물,동원샘물 2L
음료/샘물,샘물,동원샘물 500ML
음료/샘물,샘물,동원샘물 300ML
음료/샘물,샘물,동원샘물 [PET]
음료/샘물,기타음료,양반 수정과
음료/샘물,기타음료,양반 식혜
음료/샘물,기타음료,동원 순백보리
음료/샘물,기타음료,미네마인 스파클링
냉장햄,냉장햄,그릴리 블랙퍼스트
냉장햄,냉장햄,그릴리 극한 직화 후랑크 치즈
냉장햄,냉장햄,그릴리 델리햄
냉장햄,냉장햄,그릴리 직화 삼겹살
냉장햄,냉장햄,그릴리 직화 부어스트
냉장햄,냉장햄,그릴리 크럼 부어스트
냉장햄,냉장햄,그릴리 랭거 부어스트
냉장햄,냉장햄,그릴리 황금치킨 닭가슴살 블랙페퍼
냉장햄,냉장햄,그릴리 초리조 부어스트
냉장햄,냉장햄,그릴리 황금 닭가슴살 오리지널
냉장햄,냉장햄,그릴리 극한 직화 후랑크
냉장햄,냉장햄,그릴리 직화 닭가슴살 스테이크
냉장햄,냉장햄,동원 통그릴비엔나
맛살/어묵,맛살,리얼 가쓰오 크랩스
맛살/어묵,맛살,동원 게맛살
맛살/어묵,맛살,동원 김밥에딱 엄선랍스틱
맛살/어묵,맛살,더킹 씬크랩스
맛살/어묵,맛살,더킹 볼케이노 크랩스
맛살/어묵,맛살,더킹 쉬림프 오리지널
맛살/어묵,맛살,동원 로스트 크랩스
맛살/어묵,맛살,더킹 크랩스
맛살/어묵,맛살,더킹 랍스터
맛살/어묵,맛살,리얼랍스터 더킹 랍스터맛
맛살/어묵,맛살,알래스카크랩스
맛살/어묵,어묵,추억부산 쫄깃사각
맛살/어묵,어묵,추억부산 종합
맛살/어묵,어묵,추억부산 봉각
맛살/어묵,어묵,추억부산 사각
맛살/어묵,어묵,바른어묵 간식어묵(피자)
맛살/어묵,어묵,바른어묵 간식어묵(감자베이컨)
맛살/어묵,어묵,바른어묵 간식어묵(치즈)
맛살/어묵,어묵,바른어묵 종합어묵(해물)
맛살/어묵,어묵,바른어묵 종합어묵(야채)
맛살/어묵,어묵,바른어묵 국탕용
맛살/어묵,어묵,바른어묵 전골용
맛살/어묵,어묵,바른어묵 도톰사각
맛살/어묵,어묵,바른어묵 얇은사각
냉동,안주류,심야식당 주꾸미볶음
냉동,안주류,심야식당 매콤오돌뼈
냉동,안주류,심야식당 불막창
냉동,안주류,심야식당 뼈없는불닭발
냉동,만두,딤섬 부추창펀
냉동,만두,딤섬 새우하가우
냉동,만두,개성 김치 왕만두
냉동,만두,개성 왕만두
냉동,만두,개성왕새우만두
냉동,만두,개성왕교자만두
냉동,만두,개성 물만두
냉동,만두,개성 잡채군만두
냉동,만두,개성 감자만두
조미/오일,오일,동원 포도씨유
조미/오일,오일,동원 올리브유
조미/오일,오일,동원 카놀라유
조미/오일,조미,프리미엄 동원참치액
조미/오일,조미,동원참치액 순
조미/오일,조미,동원참치액 진
조미/오일,조미,동원 사과식초
조미/오일,조미,동원 천사의 선물 프리미엄 구운소금
조미/오일,조미,동원 국물의 신 매콤한알
조미/오일,조미,동원 국물의 신 쇠고기한알
조미/오일,조미,동원 국물의 신 멸치한알
조미/오일,조미,동원 국물의 신 참치한알
조미/오일,조미,동원 참치액 대단량
면류,생/건면류,동원 자른당면 300g
면류,생/건면류,동원 일품당면 500g
면류,생/건면류,동원 국산고구마당면 400g
분식류,떡볶이,동원 얼큰칼칼 쌀떡국
분식류,떡볶이,우리쌀로만든 달콤조청 떡강정
분식류,떡볶이,우리쌀로만든 오리지널 떡강정
분식류,떡볶이,떡볶이의신 우리쌀로만든 고추장 떡볶이(2인)
분식류,떡볶이,떡볶이의신 우리쌀 로제떡볶이
분식류,떡볶이,떡볶이의신 우리쌀 짜장라볶이
분식류,떡볶이,떡볶이의신 우리쌀 즉석라볶이
분식류,떡볶이,떡볶이의신 우리쌀 치즈떡볶이
분식류,떡볶이,떡볶이의신 우리쌀 국물떡볶이
분식류,떡볶이,우리쌀로만든 별미짜장 칼떡볶이
분식류,떡볶이,우리쌀로만든 매콤달콤 국물떡볶이
분식류,떡볶이,우리쌀로만든 단짠궁중 칼떡볶이
분식류,떡볶이,우리쌀로만든 매콤로제 칼떡볶이
분식류,떡볶이,떡볶이의신 로제 컵떡볶이
분식류,떡볶이,동원 진한사골 쌀떡국
분식류,떡볶이,떡볶이의신 어묵떡볶이(냉동)
분식류,떡볶이,떡볶이의신 매콤로제떡볶이(냉동)
분식류,떡볶이,떡볶이의신 고추장떡볶이(냉동)
분식류,떡볶이,떡볶이의신 신당동 즉석쫄볶이
분식류,떡볶이,떡볶이의신 학교앞 국물떡볶이
분식류,떡볶이,떡볶이의신 짜장떡볶이
분식류,떡볶이,떡볶이의신 매운떡볶이
분식류,떡볶이,떡볶이의신 더매운 컵떡볶이
분식류,떡볶이,떡볶이의신 고소한치즈 컵떡볶이
분식류,떡볶이,떡볶이의신 매콤달콤 컵떡볶이
분식류,면,면발의신 미역 냉국수
분식류,면,면발의신 시금치 비빔국수
분식류,면,면발의신 밥이랑 김치짜글면
분식류,면,면발의신 밥이랑 돼지고기국수
분식류,면,면발의신 들기름김 막국수
분식류,면,면발의신 얼큰칼국수
분식류,면,면발의신 오이비빔냉면
분식류,면,면발의신 동치미물냉면
분식류,면,면발의신 해물칼국수
분식류,면,면발의신 닭칼국수
분식류,면,면발의신 들깨칼국수
분식류,면,면발의신 볶음우동
분식류,면,면발의신 가쓰오우동
분식류,면,면발의신 콩국수
분식류,면,면발의신 메밀국수
분식류,면,면발의신 원조 생쫄면
유제품,우유,덴마크목장 무항생제인증 우유 120ml(오리지널)
유제품,우유,덴마크 유기농 우유120ml
유제품,우유,덴마크 유기농 A2우유 750mL
유제품,우유,덴마크 유기농 A2우유 120mL
유제품,우유,덴마크 산양단백질우유 750mL
유제품,우유,덴마크 산양단백질우유 120mL
유제품,우유,덴마크 동물복지 우유 (가정배달 전용)
유제품,우유,덴마크 무항생제 우유 900ml
유제품,우유,덴마크 무항생제 우유 450ml
유제품,우유,덴마크 무항생제 우유 180ml
유제품,우유,덴마크 무항생제 우유 (가정배달 전용)
유제품,우유,바나나맛우유
유제품,우유,모닝시리얼우유
유제품,우유,커피커피우유
유제품,우유,초코초코우유
유제품,우유,바나바나우유
유제품,우유,딸기딸기우유
유제품,우유,365일 순수한 목장 저지방우유
유제품,우유,365일 순수한 목장우유
유제품,우유,덴마크 대니쉬 The건강한 우유 오리지널
유제품,우유,덴마크 우리아이밀크 (가정배달 전용)
유제품,우유,대니쉬 The건강한 저지방우유
유제품,우유,덴마크 저지방우유 (가정배달 전용)
유제품,우유,덴마크 산양우유 (가정배달 전용)
유제품,우유,고칼슘우유
유제품,발효유,덴마크 드링킹 요구르트 베리믹스
유제품,발효유,덴마크 드링킹 요구르트 샤인머스캣
유제품,발효유,덴마크 드링킹 요구르트 복숭아
유제품,발효유,덴마크 드링킹 요구르트 사과
유제품,발효유,덴마크 드링킹 요구르트 플레인
유제품,발효유,덴마크 드링킹 요구르트 딸기
유제품,발효유,덴마크 요거밀 자색고구마
유제품,발효유,덴마크 요거밀 단호박
유제품,발효유,덴마크 요거밀 귀리 플레인
유제품,발효유,덴마크 산양요구르트 블루베리 (가정배달 전용)
유제품,발효유,덴마크 산양요구르트 플레인 (가정배달 전용)
유제품,발효유,생크림요거트오리지널
유제품,발효유,비피더스 명장 베리믹스
유제품,발효유,비피더스 명장 복숭아
유제품,발효유,비피더스 명장 포도
유제품,발효유,비피더스 명장 사과
유제품,음료,덴마크 테이크얼라이브 샤인머스캣
유제품,음료,덴마크 테이크얼라이브 스위티자몽
유제품,음료,덴마크 테이크얼라이브 망고
유제품,음료,덴마크 테이크 얼라이브 블러드오렌지
유제품,음료,덴마크 테이크얼라이브 망고 120mL
유제품,음료,덴마크 테이크얼라이브 스위티자몽 120mL
유제품,음료,덴마크 하루이팜 (가정배달 전용)
유제품,음료,덴마크 테이크얼라이브 블러드오렌지
유제품,음료,덴마크 테이크얼라이브 스위티자몽
유제품,음료,덴마크 테이크얼라이브 망고
유제품,음료,쿨피스파인
유제품,음료,쿨피스자두
유제품,음료,쿨피스복숭아
유제품,치즈,덴마크 구워먹는치즈 오리지널
유제품,치즈,인포켓치즈 라이트
유제품,치즈,동원참치즈
유제품,치즈,신선한 국산 원유로 만든 MOZZARELLA 피자치즈
유제품,치즈,덴마크 모짜렐라치즈
유제품,치즈,덴마크 피자치즈
유제품,치즈,함박눈꽃치즈
유제품,치즈,짜지않은치즈 고칼슘&비타민
유제품,치즈,짜지않은치즈 오리지널
유제품,치즈,자연방목 유기농 짜지않은 아기치즈 단호박
유제품,치즈,덴마크 유기농 짜지않은 아기치즈 2단계
유제품,치즈,덴마크 유기농 짜지않은 아기치즈 1단계
유제품,치즈,인포켓치즈 오리지널
유제품,치즈,이태리안 피자치즈 스키니
유제품,치즈,이태리안 피자치즈
유제품,치즈,트리플 슬라이스
유제품,치즈,소와나무 체다치즈
유제품,치즈,스윗크림치즈
유제품,치즈,소와나무 모짜렐라 치즈
유제품,치즈,고칼슘치즈 (2차점 전용)
유제품,치즈,고칼슘치즈
유제품,크림/버터,생크림S
유제품,크림/버터,사워크림
유제품,크림/버터,모닝버터 하이올레익 해바라기유
유제품,크림/버터,모닝버터 카놀라유
펫푸드,펫푸드,뉴트리플랜 흰살참치와 닭가슴살
펫푸드,펫푸드,뉴트리플랜 흰살참치와 멸치
펫푸드,펫푸드,뉴트리플랜 흰살참치와 치즈
